playerID,name
560,Sergio Romero
557,Matteo Darmian
548,Daley Blind
628,Chris Smalling
1006,Luke Shaw
551,Morgan Schneiderlin
654,Michael Carrick
554,Juan Mata
555,Memphis Depay
631,Ashley Young
629,Wayne Rooney
552,Ander Herrera
627,Antonio Valencia
907,Bastian Schweinsteiger
651,Michel Vorm
638,Kyle Walker
639,Toby Alderweireld
640,Jan Vertonghen
660,Ben Davies
914,Nabil Bentaleb
643,Eric Dier
642,Mousa Dembï¿½lï¿½
646,Christian Eriksen
648,Nacer Chadli
647,Harry Kane
649,Ryan Mason
644,Erik Lamela
645,Dele Alli
455,Artur Boruc
456,Simon Francis
458,Steve Cook
457,Tommy Elphick
459,Charlie Daniels
461,Matt Ritchie
460,Andrew Surman
462,Dan Gosling
466,Marc Pugh
465,Joshua King
468,Callum Wilson
957,Yann Kermorgant
472,Eunan O&#039;Kane
464,Max Gradel
662,Brad Guzan
674,Leandro Bacuna
665,Micah Richards
875,Ciaran Clark
961,Jordan Amavi
668,Idrissa Gueye
669,Ashley Westwood
677,Jordan Veretout
672,Jordan Ayew
890,Gabriel Agbonlahor
679,Scott Sinclair
667,Carlos Sï¿½nchez
899,Kieran Richardson
671,Rudy Gestede
600,Tim Howard
585,Seamus Coleman
587,Phil Jagielka
586,John Stones
909,Brendan Galloway
589,James McCarthy
590,Gareth Barry
595,Kevin Mirallas
592,Ross Barkley
596,Tom Cleverley
594,Romelu Lukaku
601,Arouna Konï¿½
598,Bryan Oviedo
824,Steven Naismith
564,Heurelho Gomes
565,Nyom
566,Sebastian Prï¿½dl
581,Craig Cathcart
568,Josï¿½ Holebas
577,Ikechi Anya
570,Valon Behrami
572,Etienne Capoue
1016,Miguel Layï¿½n
582,Jurado
574,Troy Deeney
571,Ben Watson
578,Juan Carlos Paredes
573,Odion Ighalo
745,Kasper Schmeichel
955,Ritchie de Laet
747,Robert Huth
748,Wes Morgan
757,Jeffrey Schlupp
753,Marc Albrighton
784,Andy King
752,Daniel Drinkwater
750,Riyad Mahrez
755,Jamie Vardy
754,Shinji Okazaki
751,N&#039;Golo Kantï¿½
749,Christian Fuchs
974,Yohan Benalouane
580,Costel Pantilimon
742,Billy Jones
736,Younes Kaboul
927,Sebastiï¿½n Coates
730,Patrick van Aanholt
738,Lee Cattermole
929,Adam Johnson
740,Sebastian Larsson
733,Jack Rodwell
781,Jeremain Lens
735,Jermain Defoe
930,Steven Fletcher
1034,Adam Matthews
785,John Ruddy
926,Steven Whittaker
821,Sebastien Bassong
788,Russell Martin
789,Robbie Brady
791,Alexander Tettey
792,Jonny Howson
793,Wes Hoolahan
801,Graham Dorrans
1011,Bradley Johnson
467,Lewis Grabban
1010,Gary Hooper
790,Nathan Redmond
794,Cameron Jerome
635,Alex McCarthy
510,Joel Ward
511,Damien Delaney
512,Scott Dann
513,Pape Souarï¿½
522,Wilfried Zaha
633,James McArthur
516,Yohan Cabaye
514,Jason Puncheon
632,Jordon Mutch
882,Glenn Murray
519,Connor Wickham
515,Mile Jedinak
518,Yannick Bolasie
680,Thibaut Courtois
682,Branislav Ivanovic
699,Gary Cahill
917,John Terry
681,Cï¿½sar Azpilicueta
686,Cesc Fï¿½bregas
697,Nemanja Matic
700,Willian
692,Oscar
701,Eden Hazard
802,Diego Costa
696,Falcao
935,Kurt Zouma
694,Asmir Begovic
706,Lukasz Fabianski
718,Kyle Naughton
708,Federico Fernï¿½ndez
709,Ashley Williams
710,Neil Taylor
769,Jonjo Shelvey
723,Ki Sung-yueng
713,Andrï¿½ Ayew
714,Gylfi Sigurdsson
715,Jefferson Montero
717,Bafï¿½timbi Gomis
719,Wayne Routledge
963,Eder
712,Jack Cork
982,Tim Krul
764,Daryl Janmaat
941,Fabricio Coloccini
849,Chancel Mbemba
943,Massadio Haidara
768,Vurnon Anita
767,Jack Colback
772,Moussa Sissoko
771,Georginio Wijnaldum
851,Gabriel Obertan
850,Papiss Demba Cissï¿½
854,Cheick Tiotï¿½
774,Siem de Jong
773,Aleksandar Mitrovic
846,Maarten Stekelenburg
847,Cï¿½dric Soares
845,Maya Yoshida
834,Josï¿½ Fonte
884,Matt Targett
836,Victor Wanyama
883,Steven Davis
840,Dusan Tadic
838,Sadio Manï¿½
844,Jay Rodriguez
841,Graziano Pellï¿½
839,Shane Long
832,Cuco Martina
491,Petr Cech
967,Mathieu Debuchy
507,Per Mertesacker
494,Laurent Koscielny
495,Nacho Monreal
504,Aaron Ramsey
497,Francis Coquelin
966,Alex Oxlade-Chamberlain
499,Mesut ï¿½zil
965,Santiago Cazorla
502,Olivier Giroud
503,Theo Walcott
498,Alexis Sï¿½nchez
527,Adriï¿½n
530,James Tomkins
528,Angelo Ogbonna
529,Winston Reid
534,Aaron Cresswell
532,Cheikhou Kouyatï¿½
533,Mark Noble
543,Reece Oxford
939,Mauro Zï¿½rate
656,Diafra Sakho
536,Dimitri Payet
1029,Modibo Maiga
1028,Kevin Nolan
800,Matthew Jarvis
856,Jack Butland
944,Glen Johnson
860,Marc Muniesa
859,Geoff Cameron
887,Erik Pieters
862,Glenn Whelan
946,Marco van Ginkel
863,Jonathan Walters
873,Charlie Adam
864,Ibrahim Afellay
868,Mame Biram Diouf
1007,Steve Sidwell
858,Philipp Wollscheid
1001,Peter Odemwingie
487,Simon Mignolet
603,Nathaniel Clyne
602,Dejan Lovren
607,Martin Skrtel
987,Joseph Gomez
489,James Milner
605,Jordan Henderson
481,Jordon Ibe
488,Philippe Coutinho
486,Adam Lallana
606,Christian Benteke
482,Roberto Firmino
604,Emre Can
820,Boaz Myhill
819,James Chester
664,Joleon Lescott
804,Craig Dawson
904,Chris Brunt
812,Craig Gardner
990,James Morrison
809,Darren Fletcher
814,James McClean
811,Saido Berahino
816,Rickie Lambert
880,Callum McManaman
808,Claudio Yacob
818,Victor Anichebe
609,Joe Hart
625,Bacary Sagna
612,Vincent Kompany
626,Eliaquim Mangala
621,Aleksandar Kolarov
614,Fernandinho
878,Yaya Tourï¿½
616,Jesï¿½s Navas
617,David Silva
618,Raheem Sterling
622,Wilfried Bony
877,Samir Nasri
623,Martï¿½n Demichelis
619,Sergio Agï¿½ero
323,Adnan Januzaj
842,Oriol Romeu
843,James Ward-Prowse
591,Gerard Deulofeu
977,Tyias Browning
732,Yann M&#039;Vila
932,Danny Graham
919,Duncan Watmore
796,Gary O&#039;Neil
783,Nathan Dyer
830,Leon Britton
765,Steven Taylor
915,Rolando Aarons
637,Hugo Lloris
865,Marko Arnautovic
867,Stephen Ireland
866,Joselu
569,Almen Abdi
744,Steven Berghuis
805,Jonas Olsson
806,Gareth McAuley
813,Salomï¿½n Rondï¿½n
938,Carl Jenkinson
542,Pedro Obiang
535,Manuel Lanzini
526,Lee Chung-yong
822,Patrick Bamford
492,Hï¿½ctor Bellerï¿½n
545,Kieran Gibbs
970,Mikel Arteta
936,Ramires
1089,Juan Cuadrado
608,Alberto Moreno
975,Lee Tomlin
825,Adam Smith
191,Chicharito
770,Ayoze Pï¿½rez
942,Florian Thauvin
888,Xherdan Shaqiri
729,John O&#039;Shea
520,Bakary Sako
743,Dwight Gayle
675,Jack Grealish
900,Adama Traorï¿½
761,Gï¿½khan Inler
756,Leonardo Ulloa
653,Tom Carroll
540,Darren Randolph
993,Serge Gnabry
687,Pedro
685,John Obi Mikel
876,Fabian Delph
948,Alessandro Diamanti
953,Steven Caulker
508,Calum Chambers
493,Gabriel
475,Lucas Leiva
988,Jordan Rossiter
945,Marc Wilson
855,Cristian Gamboa
663,Alan Hutton
670,Carles Gil
739,Ola Toivonen
1024,Tyrone Mings
999,Joseph Dodoo
688,Ruben Loftus-Cheek
689,Kenedy
517,Joe Ledley
986,Danny Ings
1018,Josh Cullen
620,Kelechi Iheanacho
641,Danny Rose
815,Alex Pritchard
897,Juanmi
894,Andre Wisdom
964,Kyle Bartley
630,Marouane Fellaini
908,Muhamed Besic
597,Ramiro Funes Mori
593,Aaron Lennon
857,Phil Bardsley
871,Bojan
525,Martin Kelly
933,Brede Hangeland
447,Kevin De Bruyne
807,Jonny Evans
833,Virgil van Dijk
795,Dieumerci Mbokani
798,Martin Olsson
463,Junior Stanislas
546,David de Gea
553,Anthony Martial
484,Divock Origi
931,Jordi Gï¿½mez
737,Fabio Borini
453,Son Heung-Min
775,Andros Townsend
541,Victor Moses
537,Andy Carroll
690,Loï¿½c Remy
583,Adlï¿½ne Guï¿½dioura
579,Nathan Akï¿½
828,Sylvain Distin
872,Peter Crouch
720,Modou Barrow
611,Nicolï¿½s Otamendi
531,Michail Antonio
655,James Collins
940,Nikica Jelavic
960,Clinton N&#039;Jie
634,Fraizer Campbell
550,Marcos Rojo
559,Paddy McNair
485,Mamadou Sakho
483,Daniel Sturridge
624,Willy Caballero
615,Fernando
925,Patrick Roberts
835,Ryan Bertrand
956,Andrej Kramaric
895,Mathieu Flamini
480,Joe Allen
951,Phil Jones
983,Kevin Mbabu
998,Ivan Toney
947,Vï¿½ctor Ibarbo
509,Wayne Hennessey
921,Darron Gibson
962,Josï¿½ ï¿½ngel Crespo
610,Pablo Zabaleta
916,Yoan Gouffran
766,Jamaal Lascelles
981,Kyle Lafferty
746,Danny Simpson
727,DeAndre Yedlin
707,Angel Rangel
992,James Wilson
954,Kelvin Davis
837,Jordy Clasie
810,Stï¿½phane Sessegnon
684,Abdul Rahman Baba
558,Jesse Lingard
469,Adam Federici
471,Shaun MacDonald
763,Robert Elliot
853,Paul Dummett
524,Adrian Mariappa
787,Ryan Bennett
567,Miguel Britos
652,Kieran Trippier
952,Gastï¿½n Ramï¿½rez
797,Youssouf Mulumbu
886,Ryan Shawcross
506,Joel Campbell
500,Alex Iwobi
539,Enner Valencia
891,Leon Osman
928,Wes Brown
881,Harry Arter
661,Josh Onomah
958,Tokelo Rantie
1037,Cameron Borthwick-Jackson
1066,Charles N&#039;Zogbia
922,Andreas Pereira
476,Kolo Tourï¿½
657,Alexandre Song
905,Marouane Chamakh
949,Giedrius Arlauskis
1050,Ryan Allsop
823,Vadis Odjidja-Ofoe
799,Declan Rudd
547,Guillermo Varela
676,Jores Okore
695,Bertrand Traorï¿½
588,Leighton Baines
613,Gaï¿½l Clichy
973,Paulo Gazzaniga
1072,Nick Powell
760,Marcin Wasilewski
698,Adam Bogdan
726,Vito Mannone
780,Karl Darlow
721,Jordi Amat
1045,Matt Grimes
829,Marvin Emnes
477,Brad Smith
910,Harrison Reed
666,Aly Cissokho
1026,Libor Kozï¿½k
1060,Jonathan Williams
678,Mark Bunn
826,Benik Afobe
827,Juan Iturbe
831,Fraser Forster
924,Steven Pienaar
741,Jordan Pickford
232,Jan Kirchhoff
778,Henri Saivet
762,Demarai Gray
898,Obbi Oularï¿½
786,Ivo Pinto
650,Kevin Wimmer
848,Charlie Austin
803,Ben Foster
575,Nordin Amrabat
777,Emmanuel Riviï¿½re
902,Sam Byram
937,Joï¿½o Teixeira
162,Timm Klose
728,Lamine Konï¿½
731,Dame N&#039;Doye
734,Wahbi Khazri
521,Emmanuel Adebayor
817,Sandro
716,Alberto Paloschi
584,Joel Robles
576,Mario Suï¿½rez
1054,Bersant Celina
861,Giannelli Imbula
1059,Hiram Boateng
538,Emmanuel Emenike
1048,Donald Love
1047,Will Keane
869,Dionatan Teixeira
776,Seydou Doumbia
501,Danny Welbeck
673,Jordan Lyden
479,Kevin Stewart
759,Daniel Amartey
711,Leroy Fer
556,Marcus Rashford
549,Timothy Fosu-Mensah
562,James Weir
496,Mohamed Elneny
599,Oumar Niasse
892,Stephen Kingsley
896,Jay Fulton
490,Jon Flanagan
505,David Ospina
906,Manu Garcï¿½a
893,Sï¿½bastien Pocognoli
874,Andre Green
478,Sheyi Ojo
683,Matt Miazga
693,Jake Clarke-Salter
691,Alexandre Pato
870,Jakob Haugaard
879,Jonathan Leko
1042,Tom Davies
1043,Callum Connolly
473,Danny Ward
474,Connor Randall
889,Shay Given
523,Julian Speroni
901,Kevin Toner
1036,Jack Wilshere
920,Matthew Pennington
1031,Tony Hibbert
1032,Kieran Dowell
1022,Pedro Chirivella
1023,Cameron Brannagan
1015,Rushian Hepburn-Murphy
702,Tammy Abraham
703,Fikayo Tomori
1084,Jonjoe Kenny
779,Jamie Sterry
1070,Sullay Kaikai
722,Kristoffer Nordfeldt
1079,Thomas Robson
1080,Rees Greenwood
1046,George Honeyman
1014,Tyler Roberts
1013,Sam Field
1078,Sergi Canos
1697,Eldin Jakupovic
1685,Ahmed Elmohamady
1686,Curtis Davies
1689,Jake Livermore
1688,Andrew Robertson
1695,Tom Huddlestone
1693,David Meyler
1690,Sam Clucas
1691,Robert Snodgrass
1698,Abel Hernï¿½ndez
1694,Adama Diomande
1680,Luis Hernï¿½ndez
1681,Ahmed Musa
1737,Matt Phillips
985,Mason Holgate
1730,Vincent Janssen
1651,Tom Heaton
1652,Matthew Lowton
1654,Ben Mee
1653,Michael Keane
1655,Stephen Ward
1656,George Boyd
1787,David Jones
1658,Dean Marney
1659,Scott Arfield
1661,Sam Vokes
1660,Andre Gray
1663,Johann Berg Gudmundsson
1664,Lukas Jutkiewicz
1728,Fernando Llorente
1705,Vï¿½ctor Valdï¿½s
1757,Nsue
1706,Antonio Barragï¿½n
1707,Ben Gibson
1708,George Friend
1710,Marten de Roon
1717,Adam Clayton
1782,Albert Adomah
1712,Stewart Downing
1715,ï¿½lvaro Negredo
1753,David Nugent
1711,Adam Forshaw
343,Pierre-Emile Hï¿½jbjerg
1784,Jï¿½rï¿½my Pied
1722,Juan Zuï¿½iga
1732,Nolito
1027,Lynden Gooch
1789,Lewis Cook
1739,Eric Bailly
1741,Zlatan Ibrahimovic
317,Henrikh Mkhitaryan
1749,Rob Holding
204,Granit Xhaka
265,Ragnar Klavan
1678,Michy Batshuayi
1760,Arthur Masuaku
202,Hï¿½vard Nordtveit
1703,Gï¿½khan Tï¿½re
1740,Paul Pogba
1764,Ramadan Sobhi
1657,Steven Defour
1662,Aiden O&#039;Neill
1669,Marko Grujic
1692,Shaun Maloney
1726,Abdoulaye Doucourï¿½
1017,Matej Vydra
1785,Nampalys Mendy
1071,Papy Djilobodji
1754,Joel Asoro
1709,Cristhian Stuani
1718,Daniel Ayala
1672,Jonathan Calleri
1675,Ashley Fletcher
1683,Ryan Fraser
971,Harry Winks
332,Joel Matip
1725,Christian Kabasele
1723,Roberto Pereyra
1724,Isaac Success
91,Ron-Robert Zieler
1736,Oliver McBurnie
1719,Javier Manquillo
1665,James Tarkowski
1670,Steve Mandanda
1687,Harry Maguire
1713,Viktor Fischer
1731,Claudio Bravo
337,Leroy Sanï¿½
1765,Jonathan Benteke
1743,Bruno Martins Indi
1699,Shkodran Mustafi
1700,Lucas Pï¿½rez
1746,Jeff Hendrick
1642,Simone Zaza
1763,Stefano Okaka
1039,Jason Denayer
1720,Didier Ndong
1676,David Luiz
1682,Islam Slimani
314,Ilkay Gï¿½ndogan
1055,Aleix Garcï¿½a
1738,Hal Robson-Kanu
1674,Sofiane Feghouli
1701,Borja Bastï¿½n
1714,Jordan Rhodes
1729,Georges-Kï¿½vin Nkoudou
1742,Lee Grant
1671,Ezekiel Fryers
1702,Mike van der Hoorn
37,Loris Karius
1684,David Marshall
1696,Markus Henriksen
1621,Marcos Alonso
1704,ï¿½lvaro Arbeloa
1673,Edimilson Fernandes
1668,Michael Kightly
1677,Nathaniel Chalobah
725,Ola Aina
1733,Sam McQueen
1727,Alfie Mawson
1744,Michael Dawson
1734,Sofiane Boufal
1410,Rafael
1842,Eros Pisano
1853,Vangelis Moras
2034,Rafael Mï¿½rquez
1954,Samuel Souprayen
1151,Emil Hallfredsson
1996,Leandro Greco
1221,Jacopo Sala
1959,Bosko Jankovic
1955,Luca Toni
1851,Juanito Gï¿½mez
1849,Rï¿½mulo
1847,Giampaolo Pazzini
1846,Luca Siligardi
1244,Wojciech Szczesny
1254,Alessandro Florenzi
1179,Leandro Castï¿½n
1246,Kostas Manolas
1438,Vasilis Torosidis
1251,Radja Nainggolan
1290,Miralem Pjanic
1249,Daniele De Rossi
1943,Gervinho
1253,Edin Dzeko
1250,Mohamed Salah
2011,Seydou Keita
1185,Iago Falque
1483,Etrit Berisha
1201,Dusan Basta
1541,Stefan de Vrij
1107,Santiago Gentiletti
1542,Stefan Radu
1205,Senad Lulic
1207,Marco Parolo
1589,Lucas Biglia
1517,Antonio Candreva
1210,Keita
1564,Ricardo Kishna
1206,Danilo Cataldi
1543,Sergej Milinkovic-Savic
1208,Felipe Anderson
1609,Antonio Mirante
1454,Alex Ferrari
1453,Marios Oikonomou
1180,Luca Rossettini
1441,Adam Masina
1902,Marco Crimi
1356,Lorenzo Crisetig
1913,Matteo Brighi
1611,Franco Brienza
1917,Robert Acquafresca
1981,Matteo Mancosu
1380,Amadou Diawara
1580,Mattia Destro
1285,Gianluigi Buffon
1576,Giorgio Chiellini
1286,Andrea Barzagli
1287,Leonardo Bonucci
1303,Stephan Lichtsteiner
1298,Patrice Evra
1403,Simone Padoin
226,Kingsley Coman
1295,Mario Mandzukic
1294,Paulo Dybala
1402,Mauricio Isla
1138,Orestis Karnezis
1149,Thomas Heurtaux
1887,Ivï¿½n Piris
1140,Danilo
1097,Edenilson
1156,Ali Adnan
1228,Bruno Fernandes
1977,Manuel Iturra
1150,Emmanuel Badu
1147,Cyril Thï¿½rï¿½au
1888,Antonio Di Natale
1148,Duvï¿½n Zapata
1561,Panagiotis Kone
1139,Silvan Widmer
1328,Stefano Sorrentino
1279,Roberto Vitiello
2047,Abdelhamid El Kaoutari
1534,Giancarlo Gonzalez
1274,Andrea Rispoli
1838,Achraf Lazaar
1101,Luca Rigoni
1271,Ivaylo Chochev
1273,Mato Jajalo
1275,Robin Quaison
1836,Franco Vï¿½zquez
1909,Fabio Daprelï¿½
1837,Aleksandar Trajkovski
1284,Oscar Hiljemark
1113,Eugenio Lamanna
1431,Sebastien De Maio
1630,Giovanni Marchese
1094,Nicolas Burdisso
1633,Issa Cissokho
1885,Tino Costa
1123,Juraj Kucka
1100,Diego Laxalt
1111,Olivier Ntcham
1115,Goran Pandev
1106,Darko Lazovic
1401,Panagiotis Tachtsidis
2038,Giuseppe Panico
1924,Diego Capel
1532,Emiliano Viviano
1813,Mattia Cassani
1222,Matï¿½as Silvestre
1530,Andrea Coda
1224,Vasco Regini
1937,Fernando
1225,Edgar Barreto
1646,David Ivan
1810,Roberto Soriano
1514,ï¿½der
1229,Luis Muriel
1939,Antonio Cassano
1845,Pawel Wszolek
1974,Zeljko Brkic
1972,Gaetano Letizia
2054,Igor Bubnjic
1342,Nicolï¿½s Spolli
1896,Riccardo Gagliolo
1153,Ryder Matos
1904,Filippo Porcari
1643,Luca Marrone
1920,Gabriel Silva
2027,Andrea Lazzari
1903,Kevin Lasagna
1905,Antonio Di Gaudio
2049,Kamil Wilczek
2055,Wallace Oliveira
1460,Andrea Consigli
1951,Sime Vrsaljko
1463,Francesco Acerbi
1462,Paolo Cannavaro
1464,Federico Peluso
1474,Alfred Duncan
1466,Francesco Magnanelli
1603,Simone Missiroli
1612,Domenico Berardi
1468,Gregoire Defrel
1338,Antonio Floro Flores
1360,Diego Falcinelli
1826,Nicola Sansone
1374,Josï¿½ Reina
1391,Christian Maggio
1588,Raï¿½l Albiol
1395,Vlad Chiriches
1375,Elseid Hysaj
1381,Marek Hamsik
1857,David Lï¿½pez
1184,Mirko Valdifiori
1393,Lorenzo Insigne
1293,Gonzalo Higuaï¿½n
1384,Dries Mertens
1385,Omar El Kaddouri
1382,Josï¿½ Callejï¿½n
1383,Manolo Gabbiadini
1505,Samir Handanovic
1509,Davide Santon
1507,Miranda
1508,Jeison Murillo
1247,Juan Jesus
1510,Gary Medel
1516,Geoffrey Kondogbia
1525,Assane Demoya Gnoukouri
1511,Marcelo Brozovic
1513,Mauro Icardi
1518,Rodrigo Palacio
1524,Stevan Jovetic
1570,Rey Manaj
1291,Hernanes
1501,Marco Sportiello
1485,Andrea Masiello
1610,Nicolï¿½ Cherubin
1556,Guglielmo Stendardo
1490,Boukary Dramï¿½
1557,Carlos Carmona
1492,Jasmin Kurtic
2029,Maximiliano Moralez
1984,Germï¿½n Denis
1491,Alejandro Gomez
1494,Mauricio Pinilla
1502,Marco D&#039;Alessandro
1503,Giulio Migliaccio
1305,Lukasz Skorupski
1323,Marco Zambelli
4032,Luca Martinelli
1320,Federico Barba
1792,Mï¿½rio Rui
1312,Daniele Croce
1386,Piotr Zielinski
1326,Assane Diousse
1313,Riccardo Saponara
1315,Massimo Maccarone
1318,Manuel Pucciarelli
1319,Levan Mchedlidze
1607,Franco Signorelli
1160,Albano Bizzarri
1344,Nicolas Frey
1330,Alessandro Gamberini
1572,Bostjan Cesar
1332,Massimo Gobbi
1336,Valter Birsa
1341,Ivan Radovanovic
1334,Perparim Hetemaj
1333,Lucas Castro
1912,Paul-Josï¿½ M&#039;Poku
1337,Riccardo Meggiorini
1335,Nicola Rigoni
1329,Fabrizio Cacciatore
1416,Ciprian Tatarusanu
1435,Nenad Tomovic
1418,Gonzalo Rodrï¿½guez
1884,Facundo Roncaglia
1430,Milan Badelj
1422,Borja Valero
1967,Gilberto
1426,Josip Ilicic
1424,Federico Bernardeschi
1425,Nikola Kalinic
1622,Matï¿½as Fernï¿½ndez
1419,Davide Astori
1618,Diego Lï¿½pez
1120,Mattia De Sciglio
1119,Alessio Romagnoli
1131,Rodrigo Ely
1590,Luca Antonelli
1121,Giacomo Bonaventura
1948,Nigel de Jong
1641,Andrea Bertolacci
1124,Keisuke Honda
1127,Luiz Adriano
1125,Carlos Bacca
1133,Cristian Zapata
2048,Antonio Nocerino
2006,Alessio Cerci
1873,Nicola Leali
1352,Aleandro Rosi
1807,Modibo Diakitï¿½
1861,Adriano Russo
1862,Roberto Crivello
1963,Luca Paganini
1869,Robert Gucher
1864,Mirko Gori
1871,Danilo Soddimo
1867,Federico Dionisi
1874,Samuele Longo
2044,Daniele Verde
1870,Massimiliano Carlini
1859,Matteo Ciofani
1195,Daniele Padelli
1800,Kamil Glik
1377,Nikola Maksimovic
1196,Emiliano Moretti
1567,Bruno Peres
1933,Danilo Avelar
1183,Marco Benassi
1182,Daniele Baselli
1269,Alessandro Gazzi
1188,Maxi Lï¿½pez
1230,Fabio Quagliarella
1192,Afriyie Acquah
1194,Giuseppe Vives
1198,Josef Martï¿½nez
1458,Ibrahima Mbaye
1439,Domenico Maietta
1452,Godfred Donsah
1448,Erick Pulgar
1979,Filippo Falco
1473,Matteo Politano
1953,Karim Laribi
1129,Suso
1117,Andrea Poli
1394,Lorenzo Tonelli
1307,Andrea Costa
1322,Raffaele Maiello
1823,Lucas Digne
1187,Adem Ljajic
1942,Martï¿½n Cï¿½ceres
1296,Stefano Sturaro
1804,ï¿½lvaro Morata
1852,Ante Rebic
1644,Giuseppe Rossi
5821,Alexander Merkel
1975,Marquinho
1840,Aljaz Struna
1264,Edoardo Goldaniga
1376,Kalidou Koulibaly
1379,Allan
1387,Faouzi Ghoulam
1389,Jorginho
1232,Angelo Palombo
1497,Ervin Zukanovic
1936,Niklas Moisander
1906,Matteo Fedele
1973,Lorenzo Lollo
1949,Fredy Guarï¿½n
1522,Andrea Ranocchia
1506,Yuto Nagatomo
1171,Simone Pepe
1204,Patric
1883,Ravel Morrison
1096,Armando Izzo
1099,Tomï¿½s Rincï¿½n
1581,Serge Gakpe
1104,Leonardo Pavoletti
1456,Federico Viviani
1504,Alberto Grassi
1985,Marcelo Estigarribia
3862,Luigi Giorgi
1860,Leonardo Blanchard
1359,Aleksandar Tonev
1868,Daniel Ciofani
1309,Manuel Pasqual
1423,Matï¿½as Vecino
1434,Khouma Babacar
1966,Jakub Blaszczykowski
1539,Diego Perotti
1444,Blerim Dzemaili
1602,Daniel Pavlovic
1872,Raman Chibsah
1866,Paolo Sammarco
1822,Antonio Rï¿½diger
1255,Francesco Totti
1289,Alex Sandro
1300,Claudio Marchisio
1911,Giampiero Pinzi
1331,Dario Dainelli
1604,Artur Ionita
1197,Cesare Bovo
1597,Cristian Molinaro
1190,Joel Obi
1186,Andrea Belotti
1801,Pontus Jansson
1552,Alberto Gilardino
1960,Uros Djurdjevic
1835,Enzo Maresca
2056,Francesco Benussi
1895,Cristian Zaccardo
1900,Raffaele Bianco
1907,Jerry Mbakogu
1405,Marco Borriello
1446,Sergio Floccari
1983,Gianpaolo Bellini
1118,Gabriel Paletta
1484,Rafael Toloi
1928,Gaetano Monachello
1499,Cristian Raimondi
1935,Marko Livaja
1306,Vincent Laurini
1248,Leandro Paredes
1200,Federico Marchetti
1880,Mauricio
1203,Wesley Hoedt
1879,Stefano Mauri
1472,Alessandro Matri
1978,Rodrigo Aguirre
1568,Felipe Melo
448,Ivan Perisic
1828,Alex Telles
1135,Ignazio Abate
1573,Riccardo Montolivo
1817,Mario Balotelli
1809,Joaquï¿½n Correa
1241,Pedro Pereira
1812,Alejandro Rodriguez
1442,Saphir Taï¿½der
1451,Anthony Mounier
1033,Emanuele Giaccherini
1457,Luca Rizzo
1159,Molla Waguï¿½
2028,Ronaldo
1574,Davide Calabria
1340,Roberto Inglese
2024,Diogo Figueiras
1299,Mario Lemina
1825,Morgan De Sanctis
1824,Maicon
1478,Marcello Gazzola
1467,Davide Biondini
1178,Davide Zappacosta
1940,Lazaros Christodoulopoulos
1238,Luca Cigarini
1841,Pierluigi Gollini
1843,Matteo Bianchetti
1971,Simone Romagnoli
1112,Isaac Cofie
1969,Joan Verdï¿½
1877,Ogenyi Onazi
1213,Filip Djordjevic
1890,Maurizio Domizzi
1889,Giovanni Pasquale
1815,Alex
1894,Simone Colombi
1365,Djamel Mesbah
2021,Salih Ucan
1347,Sergio Pellissier
1600,Jonathan Biabiany
1440,Filip Helander
1855,Michelangelo Albertazzi
1958,Mattia Zaccagni
1297,Neto
1865,Alessandro Frara
2026,Nicolï¿½s Castillo
1793,Alessandro Piu
1944,William Vainqueur
2025,Matuzalï¿½m
1527,Emanuele Terranova
1797,Lorenzo Ariaudo
1934,Gastï¿½n Silva
2003,Antonio La Gumina
1562,Francesco Lodi
1415,Luca Bittante
2020,Michele Rocca
1938,Carlos Carbonero
1908,Vid Belec
1901,Raphael Martinho
1325,Marcel Bï¿½chel
1311,Rade Krunic
1245,Emerson
1599,Norbert Gyï¿½mbï¿½r
1141,Felipe
1292,Sami Khedira
1587,Kwadwo Asamoah
1579,Daniele Gastaldello
1495,Abdoulay Konko
1964,Davide Bertoncini
1266,Sinisa Andjelkovic
1093,Mattia Perin
1546,Federico Mattiello
1154,Stipe Perica
1878,Miroslav Klose
1095,Ezequiel Muï¿½oz
1437,ï¿½ngelo Da Costa
1545,Emil Krafth
2019,Federico Bonazzoli
1116,Gianluigi Donnarumma
1480,Gianluca Pegolo
1932,Sanjin Prcic
1848,Luca Checchin
1165,Gastï¿½n Brugman
1515,Cristian Ansaldi
1523,Danilo D&#039;Ambrosio
1432,Luca Lezzerini
1858,Massimo Zappino
1827,Alessandro Longhi
1816,Philippe Mexes
1126,M&#039;Baye Niang
2018,Amauri
1471,Lorenzo Pellegrini
1899,Lorenzo Pasciuti
1193,Lorenzo De Silvestri
1450,Umar Sadiq
1243,Davide Brivio
1267,Michel Morganella
1281,Giuseppe Pezzella
1596,Archimede Morleo
1950,Martï¿½n Montoya
1301,Daniele Rugani
1558,Davide Bassi
1487,Andrea Conti
2008,Lorenzo Di Livio
1945,Marco Tumminello
1191,Arlind Ajeti
1844,Urby Emanuelson
1956,Mohamed Fares
1897,Emanuele Suagher
1882,Edson Braafheid
1819,Kevin-Prince Boateng
1863,Oliver Kragl
1378,Ivan Strinic
1168,Bryan Cristante
1608,Salvador Ichazo
1209,Ciro Immobile
1536,Norbert Balogh
1533,Dodï¿½
1231,Ricardo ï¿½lvarez
1369,Marcello Trotta
1854,Ferdinando Coppola
1876,Milan Bisevac
1346,Gennaro Sardo
1994,Fabrizio Poli
1482,Luca Antei
1252,Stephan El Shaarawy
1987,Zdravko Kuzmanovic
1891,Guilherme
1795,Michele Camporese
1421,Cristian Tello
1345,Andrea Seculin
1559,Filippo Costa
275,Tim Matavz
1915,Kevin Constant
1997,Andrea Favilli
1898,Stefano Sabelli
1445,Simone Verdi
1802,Alexander Farnerud
1547,Pablo Armero
1488,Remo Freuler
2014,Jï¿½rï¿½my Menez
1105,Riccardo Fiamozzi
1839,Fabrizio Alastra
1808,Nenad Krsticic
1554,Uros Cosic
1256,Kevin Strootman
1263,Josip Posavec
1519,Juan Pablo Carrizo
1475,Claud Adjapong
1821,Christian Abbiati
1310,Josï¿½ Mauri
1350,Jonathan de Guzmï¿½n
1875,Vasiliy Pryima
1535,Accursio Bentivegna
1132,Gabriel
1265,Thiago Cionek
1980,Franco Zuculini
1142,Samir
1321,Alberto Pelagotti
2010,Simone Edera
1103,Nicola Ninkovic
1122,Manuel Locatelli
1223,Milan Skriniar
1989,Francesco Bardi
1927,Berat Gjimshiti
1806,Alberto Brignoli
1811,Andrï¿½s Ponce
1830,Ionut Radu
1829,Fabio Della Giovanna
1553,Maurizio Pugliesi
1926,Boris Radunovic
1496,Roberto Gagliardini
1914,Aaron Mattia Tabacchi
1850,Dominik Furman
1635,Thomas Vermaelen
1000,Federico Fazio
1144,Seko Fofana
1145,Rodrigo de Paul
1088,Gabriele Angella
1548,Adalberto Peï¿½aranda
1288,Dani Alves
1433,Federico Chiesa
1189,Lucas Boyï¿½
18,Slobodan Rajkovic
1270,Haitam Aleesami
1272,Ilija Nestorovski
1276,Carlos Embalo
1277,Roland Sallai
1465,Stefano Sensi
1477,Luca Mazzitelli
1161,Francesco Zampano
1164,Cristiano Biraghi
1169,Ledian Memushaj
1569,Valerio Verre
1166,Ahmed Benali
1170,Gianluca Caprari
1172,Alessandro Crescenzi
1174,Dario Zuparic
1583,Arkadiusz Milik
1489,Franck Kessiï¿½
1500,Leonardo Spinazzola
1493,Andrea Petagna
1563,Jordan Lukaku
1218,Cristiano Lombardi
1202,Wallace
1443,ï¿½dï¿½m Nagy
1447,Ladislav Krejci
1351,Alex Cordaz
1353,Claiton
1354,Gianmarco Ferrari
1370,Federico Ceccherini
1371,Mario Sampirisi
1364,Marcus Rohden
1357,Aniello Salzano
1355,Bruno Martella
1363,Adrian Stoian
1362,Simy
1361,Raffaele Palladino
1628,Pietro De Giorgio
1368,Nicolï¿½ Fazzi
1348,Vittorio Parigini
1520,ï¿½ver Banega
1317,Andrï¿½s Tello
1226,Karol Linetty
1227,Lucas Torreira
1236,Patrik Schick
1237,Mirko Eramo
1235,Ante Budimir
1098,Miguel Veloso
1109,Lucas Ocampos
1396,Marco Storari
1408,Marco Capuano
1550,Luca Ceppitelli
1399,Bruno Alves
1400,Nicola Murru
1404,Davide Di Gennaro
1406,Marco Sau
1414,Niccolï¿½ Giannetti
1411,Gianni Munari
1645,Marko Pajac
1595,Bastos
328,Medhi Benatia
1577,Marko Pjaca
1128,Gustavo Gï¿½mez
1130,Josï¿½ Sosa
1136,Gianluca Lapadula
1549,Senna Miangue
1234,Dennis Praet
1481,Antonino Ragusa
1162,Hugo Campagnaro
1173,Alexandru Mitrita
1531,Jean-Christophe Bahebeck
1449,Federico Di Francesco
1152,Lucas Evangelista
1308,Giuseppe Bellusci
1324,Federico Dimarco
1398,Bartosz Salamon
1409,Nicolï¿½ Barella
1634,Alessandro Deiola
1367,Marco Festa
1358,Leonardo Capezzi
1626,Nunzio Di Roberto
1429,Hrvoje Milic
1623,Lamin Jallow
1470,Federico Ricci
1469,Pietro Iemmello
1268,Bruno Henrique
1605,Diego Farias
1143,Sven Kums
1167,Alberto Aquilani
1512,Joï¿½o Mï¿½rio
1314,Guido Marilungo
1366,Noe Dussenne
1528,Andrea Nalini
1212,Alessandro Murgia
1163,Michele Fornasier
1461,Pol Lirola
1108,Lucas Orban
1102,Giovanni Simeone
1181,Antonio Barreca
1397,Fabio Pisacane
1592,Joï¿½o Pedro
1372,Andrea Barberis
1436,Sebastiï¿½n Cristï¿½foro
1214,Thomas Strakosha
1219,Luis Alberto
1575,Timo Letschert
1566,Mattia Aramu
1146,Jakub Jankto
1339,Mariano Izco
1585,Ewandro
1521,Gabriel
1417,Carlos Salcedo
1407,Federico Melchiorri
1571,Robert Muric
1217,Moritz Leitner
1283,Ouasim Bouy
1486,Mattia Caldara
1582,Aleksandar Pesic
1258,Gerson
1529,Davide Vitturini
1316,Frederic Veseli
1537,Sasa Lukic
1220,Christian Puggioni
1233,Filip Djuricic
1211,Franjo Prce
1420,Maximiliano Olivera
1427,Kevin Diks
1428,Ianis Hagi
217,Manuel Neuer
218,Philipp Lahm
220,Jï¿½rï¿½me Boateng
391,David Alaba
230,Xabi Alonso
392,Arjen Robben
222,Arturo Vidal
224,Thomas Mï¿½ller
393,Douglas Costa
227,Robert Lewandowski
422,Mario Gï¿½tze
229,Thiago Alcï¿½ntara
221,Rafinha
163,Renï¿½ Adler
175,Dennis Diekmeier
165,Emir Spahic
302,Johan Djourou
167,Matthias Ostrzolek
411,Albin Ekdal
168,Gideon Jung
169,Lewis Holtby
171,Michael Gregoritsch
176,Sven Schipplock
172,Ivo Ilicevic
173,Pierre-Michel Lasogga
177,Marcelo Dï¿½az
303,Ivica Olic
181,Bernd Leno
182,Roberto Hilbert
197,Kyriakos Papadopoulos
183,Jonathan Tah
185,Wendell
421,Lars Bender
187,Christoph Kramer
186,Karim Bellarabi
189,Hakan Calhanoglu
190,Stefan Kieï¿½ling
195,Andrï¿½ Ramalho
261,Julian Brandt
194,Admir Mehmedi
73,Oliver Baumann
74,Pavel Kaderï¿½bek
76,Fabian Schï¿½r
75,Niklas Sï¿½le
77,Jin-Su Kim
80,Pirmin Schwegler
81,Jonathan Schmid
86,Eugen Polanski
254,Steven Zuber
83,Kevin Volland
255,Kevin Kurï¿½nyi
79,Tobias Strobl
445,Philipp Ochs
88,Mark Uth
263,Marwin Hitz
264,Paul Verhaegh
406,Hong Jeong-ho
278,Markus Feulner
268,Daniel Baier
269,Dominik Kohr
270,Alexander Esswein
280,Halil Altintop
397,Tobias Werner
273,Raï¿½l Bobadilla
272,Caiuby
398,Sascha Mï¿½lders
267,Philipp Max
434,Thomas Kraft
443,Peter Pekarï¿½k
25,Fabian Lustenberger
21,Sebastian Langkamp
23,Marvin Plattenhardt
24,Per Skjelbred
36,Roy Beerens
27,Vladimir Darida
30,Jens Hegeler
32,Valentin Stocker
26,Salomon Kalou
35,Genki Haraguchi
22,John Brooks
433,Nico Schulz
109,Felix Wiedwald
110,Theodor Gebre Selassie
123,Assani Lukimya
111,Jannik Vestergaard
399,Ulisses Garcï¿½a
114,Philipp Bargfrede
301,Zlatko Junuzovic
117,Clemens Fritz
115,Fin Bartels
119,Anthony Ujah
118,Levin ï¿½ztunali
116,Florian Grillitsch
112,Alejandro Gï¿½lvez
430,Aron Jï¿½hannsson
330,Ralf Fï¿½hrmann
331,Sascha Riether
451,Matija Nastasic
334,Dennis Aogo
339,Eric Maxim Choupo-Moting
335,Leon Goretzka
336,Johannes Geis
152,Julian Draxler
341,Franco Di Santo
340,Klaas-Jan Huntelaar
427,Marco Hï¿½ger
346,Roman Neustï¿½dter
38,Daniel Brosinski
40,Stefan Bell
39,Niko Bungert
41,Pierre Bengtsson
441,Fabian Frei
42,Julian Baumgartlinger
49,Christian Clemens
45,Yunus Malli
46,Jairo Samperio
306,Florian Niederlechner
394,Leon Balogun
47,Yoshinori Muto
271,Ja-Cheol Koo
233,Ramazan ï¿½zcan
234,Tobias Levels
251,Benjamin Hï¿½bner
236,Marvin Matip
402,Konstantin Engel
239,Pascal Groï¿½
252,Alfredo Morales
238,Roger
362,Moritz Hartmann
242,Lukas Hinterseer
241,Mathew Leckie
237,Robert Bauer
248,Elias Kachunga
235,Romain Brï¿½gerie
1,Christian Mathenia
7,Florian Jungwirth
3,Luca Caldirola
4,Aytac Sulu
5,Fabian Holland
6,Marcel Heller
299,Peter Niemeyer
8,Jï¿½rï¿½me Gondorf
13,Konstantin Rausch
14,Marco Sailer
16,Dominik Stroh-Engel
10,Jan Rosenthal
9,Tobias Kempe
11,Sandro Wagner
348,Oliver Sorg
93,Marcelo
94,Christian Schulz
95,Miiko Albornoz
108,Manuel Schmiedebach
96,Salif Sanï¿½
98,Kenan Karaman
100,Edgar Prib
350,Felix Klaus
104,Mevlï¿½t Erdinc
349,Artur Sobiech
99,Leon Andreasen
103,Charlison Benschop
309,Roman Bï¿½rki
310,Lukasz Piszczek
373,Mats Hummels
371,Sokratis
313,Marcel Schmelzer
372,Julian Weigl
319,Marco Reus
321,Shinji Kagawa
318,Pierre-Emerick Aubameyang
188,Kevin Kampl
324,Adriï¿½n Ramos
311,Sven Bender
199,Yann Sommer
201,Tony Jantschke
200,Andreas Christensen
211,Marvin Schulz
206,Oscar Wendt
207,Ibrahima Traorï¿½
208,Lars Stindl
327,Fabian Johnson
209,Josip Drmic
210,Raffael
205,Mahmoud Dahoud
213,Thorgan Hazard
420,Patrick Herrmann
159,Koen Casteels
151,Vieirinha
147,Naldo
308,Ricardo Rodrï¿½guez
150,Josuha Guilavogui
153,Maximilian Arnold
155,Max Kruse
158,Bas Dost
146,Christian Trï¿½sch
160,Nicklas Bendtner
174,Aaron Hunt
281,Lukas Hradecky
282,Makoto Hasebe
283,David Abraham
284,Carlos Zambrano
285,Bastian Oczipka
288,Stefan Aigner
293,Marco Russ
286,Stefan Reinartz
452,Takashi Inui
291,Haris Seferovic
382,Luc Castaignos
297,Aleksandar Ignjovski
294,Gian-Luca Waldschmidt
296,Joel Gerezgiher
55,Przemyslaw Tyton
383,Florian Klein
71,Timo Baumgartl
67,Adam Hlousek
59,Emiliano Insï¿½a
300,Daniel Didavi
60,Christian Gentner
62,Lukas Rupp
64,Filip Kostic
407,Martin Harnik
426,Daniel Ginczek
384,Jan Kliment
65,Timo Werner
63,Alexandru Maxim
127,Timo Horn
128,Pawel Olkowski
129,Dominique Heintz
138,Frederik Sï¿½rensen
131,Jonas Hector
132,Matthias Lehmann
134,Marcel Risse
140,Yannick Gerhardt
144,Milos Jojic
262,Leonardo Bittencourt
137,Anthony Modeste
133,Kevin Vogt
135,Yuya Osako
139,Simon Zoller
28,Mitchell Weiser
34,Alexander Baumjohann
125,Maximilian Eggestein
90,Sebastian Rudy
345,Jï¿½nior Caiï¿½ara
338,Max Meyer
2,Gyï¿½rgy Garics
12,Mario Vrancic
359,Timothy Chandler
368,Konstantinos Stafylidis
276,Dong-Won Ji
387,Luiz Gustavo
157,Daniel Caligiuri
92,Hiroki Sakai
101,Allan Saint-Maximin
66,Robbie Kruse
170,Nicolai Mï¿½ller
69,Carlos Gruezo
56,Daniel Schwaab
250,ï¿½rjan Nyland
379,Markus Suttner
243,Stefan Lex
315,Matthias Ginter
312,Neven Subotic
320,Jonas Hofmann
316,Gonzalo Castro
203,Julian Korb
216,Branimir Hrgota
322,Joo-Ho Park
43,Danny Latza
154,Andrï¿½ Schï¿½rrle
342,Sead Kolasinac
61,Geoffroy Serey Diï¿½
375,Odisseas Vlachodimos
289,Marc Stendera
141,Philipp Hosiner
166,Clï¿½ber
386,Gojko Kacar
361,Uffe Bech
85,Eduardo Vargas
414,Juan Bernat
148,Dante
228,Sebastian Rode
260,Sebastian Boenisch
31,Johannes van den Bergh
113,Santiago Garcï¿½a
120,Felix Kroos
215,Roel Brouwers
412,Andrï¿½ Hahn
439,Martin Stranzl
178,Jaroslav Drobny
223,Joshua Kimmich
266,Jan-Ingwer Callsen-Bracker
105,Felipe
396,Hiroshi Kiyotake
29,Vedad Ibisevic
418,Niklas Stark
57,Toni Sunjic
376,Arianit Ferati
240,Almog Cohen
145,Diego Benaglio
356,Alexander Meier
287,Slobodan Medojevic
292,Vaclav Kadlec
358,Johannes Flum
136,Dusan Svento
122,Claudio Pizarro
347,Kaan Ayhan
44,Pablo De Blasis
409,Philipp Klement
54,Christoph Moritz
432,Devante Parker
307,Suat Serdar
84,Ermin Bicakcic
225,Javi Martï¿½nez
149,Marcel Schï¿½fer
156,Sebastian Jung
258,Tolga Cigerci
19,Rune Jarstein
333,Benedikt Hï¿½wedes
193,Giulio Donati
435,Benjamin Henrichs
15,Jï¿½nior Dï¿½az
124,Janek Sternberg
400,Lukas Frï¿½de
257,Jeremy Toljan
48,Jhon Cï¿½rdoba
401,ï¿½lvaro Domï¿½nguez
253,Tomas Pekhart
249,Danny da Costa
279,Piotr Trochowski
425,Marcel Hilï¿½ner
364,Luca-Milan Zander
50,Gonzalo Jara
214,Tobias Sippel
97,Ceyhun Gï¿½lselam
164,Gotoku Sakai
245,Max Christiansen
130,Dominic Maroh
121,Melvyn Lorenzen
378,Milos Pantovic
360,ï¿½dï¿½m Szalai
184,ï¿½mer Toprak
417,Tin Jedvaj
298,Constant Djakpa
70,Philip Heise
82,Nadiem Amiri
179,Zoltï¿½n Stieber
198,Vladlen Yurchenko
405,Mart Ristl
367,Jan Morï¿½vek
352,Kazuki Nagasawa
381,Ronny
20,Yanni Regï¿½sel
357,David Kinsombi
212,Nico Elvedi
219,Holger Badstuber
404,Felix Platte
369,Ismail Azzaoui
390,Fabian Reese
365,Ahmet Arslan
78,Tarik Elyounoussi
52,Alexander Hack
290,Mijat Gacinovic
58,Georg Niedermeier
374,Marvin Wanitzek
68,Boris Tashchy
329,Franck Ribï¿½ry
53,Maximilian Beister
274,Christoph Janker
102,Mike-Steven Bï¿½hre
244,Stefan Wannenwetsch
246,Maurice Multhaup
192,Marlon Frey
2701,Nico Rinderknecht
87,Joelinton
247,Danilo Soares
2643,Mergim Mavraj
429,Francisco Rodrï¿½guez
2666,Artjoms Rudnevs
2644,Filip Mladenovic
2664,Kevin Groï¿½kreutz
2630,Artem Kravets
436,Andre Hoffmann
2680,Hugo Almeida
2689,Jiloan Hamad
2636,Darï¿½o Lezcano
354,Gaï¿½tan Bussmann
2668,Martin Hinteregger
2640,Erik Durm
2660,Szabolcs Huszti
2661,Marco Fabiï¿½n
2637,Younï¿½s Belhanda
370,Marvin Friedrich
2638,Alessandro Schï¿½pf
2662,Christian Pulisic
2681,Hotaru Yamaguchi
2647,Lï¿½szlï¿½ Kleinheisler
2692,Leon Guwara
2674,Thilo Kehrer
161,Robin Knoche
2626,Leandro Putaro
2672,Bruno Henrique
2648,ï¿½nis Ben-Hatira
2669,Alexander Milosevic
2655,Alfred Finnbogason
2633,Julian Schieber
2665,Jeffrey Gouweleeuw
2650,Serdar Tasci
380,Sandro Sirigu
450,Benjamin Gorka
2667,Sambou Yatabarï¿½
2645,Marcel Hartel
2653,Iver Fossum
2693,Marius Wolf
106,Waldemar Anton
2642,Nuri Sahin
2649,Sonny Kittel
325,Roman Weidenfeller
2663,Felix Passlack
419,Maximilian Mittelstï¿½dt
2690,Sidney Sam
2691,Milos Veljkovic
2657,Nabil Bahoui
2688,Russell Canouse
2673,Albian Ajeti
2631,Karim Onisiwo
277,Alexander Manninger
454,Charles Arï¿½nguiz
408,Carlos Ascues
403,Lukas Klï¿½nter
2659,Noah Joel Sarenren Bazee
385,Daniel Opare
2652,Valmir Sulejmani
415,Oliver Hï¿½sing
2625,Paul Seguin
446,Florian Kohls
2629,Matthias Zimmermann
2628,Mitchell Langerak
2651,Fynn Arkenberg
440,Tom Mickel
305,Batuhan Altintas
231,Sven Ulreich
2654,Tim Dierï¿½en
2646,ï¿½zkan Yildirim
142,Thomas Kessler
256,Jens Grahl
2639,Alexander Nï¿½bel
196,Dario Kresic
2634,David Yelldell
2632,Elkin Soto
351,Lukasz Zaluska
2623,Milan Ivana
3593,Fallou Diagne
3254,Lamine Sanï¿½
5351,Lennart Thy
5291,Takashi Usami
5327,Jeffrey Bruma
5224,Bobby Wood
2215,Alen Halilovic
5274,Michael Hector
2456,Omar Mascarell
5234,Jesï¿½s Vallejo
5356,Breel Embolo
5277,Michael Esser
5284,Artem Fedetskyy
4288,Immanuel Hï¿½hn
5341,Denys Oliinyk
2453,Marc Bartra
3226,Ousmane Dembï¿½lï¿½
3455,Raphael Guerreiro
3468,Jonas Lï¿½ssl
4764,Jean-Philippe Gbamin
5222,Joel Pohjanpalo
5262,Alexander Schwolow
5264,Caglar Sï¿½yï¿½ncï¿½
4250,Nicolas Hï¿½fler
5292,Manuel Gulde
5265,Amir Abrashi
4271,Janik Haberer
5266,Vincenzo Grifo
4243,Christian Gï¿½nter
4247,Maximilian Philipp
5267,Onur Bulut
4248,Nils Petersen
5287,Marco Terrazzino
5241,Pï¿½ter Gulï¿½csi
5253,Benno Schmitz
5244,Marvin Compper
5257,Willi Orban
5254,Marcel Halstenberg
5246,Diego Demme
5242,Stefan Ilsanker
5248,Marcel Sabitzer
5252,Dominik Kaiser
5250,Yussuf Poulsen
4280,Davie Selke
5249,Emil Forsberg
5365,Massimo Bruno
3290,Benjamin Stambouli
2068,Yevhen Konoplyanka
5228,Renato Sanches
3887,Mario Gomez
5353,Josip Brekalo
5295,Sven Mï¿½ller
3216,Marcel Tisserand
5216,Robert Leipertz
5333,Roman Bezjak
5236,Danny Blum
326,Pascal Stenzel
4246,Mike Frantz
5358,Lukas Klostermann
5256,Oliver Burke
5247,Naby Keita
5350,Thanos Petsos
2136,Izet Hajrovic
5286,Douglas Santos
5245,Bernardo
5273,Kerem Demirbay
2627,Jannes Horn
5272,Emre Mor
5282,Antonio-Mirko Colak
5231,Florian Kainz
4036,Josï¿½ Rodrï¿½guez
5312,Taleb Tawatha
5310,Ousman Manneh
5270,Gerrit Holtmann
5239,Allan
4304,Sami Allagui
5219,Aleksandar Dragovic
5294,Salih ï¿½zcan
5352,Niklas Schmidt
3738,Sehrou Guirassy
5259,Georg Teigl
4236,Sinan Kurt
5217,Anthony Jung
5283,Daniel Heuer Fernandes
5290,Shani Tarashaj
5304,Mikel Merino
2656,Tim Rieder
4252,Marc Torrejï¿½n
5346,Jonas Meffert
5220,Kai Havertz
2252,Borja Mayoral
5215,Florent Hadergjonaj
5313,Julian Gï¿½nther-Schmidt
2348,Carlos Kameni
2331,Roberto Rosales
2556,Marcos Angeleri
2333,Raï¿½l Albentosa
2439,Arthur Boka
2338,Ricardo Horta
2540,Fernando Tissone
2621,Sergi Darder
2339,Charles
2340,Duje Cop
2345,Duda
2525,Juankar
2343,Juanpi
2061,Beto
2073,Coke
2412,Adil Rami
2414,Grzegorz Krychowiak
2510,Benoï¿½t Trï¿½moulinas
2413,Steven N&#039;Zonzi
2065,Vicente Iborra
2441,Reyes
2511,Vitolo
2442,Kevin Gameiro
2440,Mariano
2503,Germï¿½n Lux
2313,Laure
2314,Sidnei
2486,Alberto Lopo
2467,Fernando Navarro
2466,Celso Borges
2320,Pedro Mosquera
2316,Juanfran
2319,Faycal Fajr
2322,Cani
2318,Fede Cartabia
2323,Oriol Riera
2225,Gerï¿½nimo Rulli
2226,Zaldï¿½a
2484,Iï¿½igo Martï¿½nez
2236,Diego Reyes
2239,Alberto De la Bella
2233,Xabi Prieto
2242,Rubï¿½n Pardo
2231,Markel Bergara
2235,Bruma
2480,Jonathas
2416,Carlos Vela
2571,Sergio Canales
2342,Gonzalo Castro
2107,Pau Lï¿½pez
2586,Anaitz Arbilla
2430,ï¿½lvaro Gonzï¿½lez
2584,Raï¿½llo
2110,Rubï¿½n Duarte
2108,Javi Lï¿½pez
2113,Vï¿½ctor Sï¿½nchez
2118,Paco Montaï¿½ï¿½s
2121,Salva Sevilla
2111,Vï¿½ctor ï¿½lvarez
2116,Felipe Caicedo
2432,Burgui
2114,Josï¿½ Caï¿½as
2120,Gerard Moreno
2190,Vicente Guaita
2194,Damiï¿½n Suï¿½rez
2192,Santiago Vergini
2572,Alexis
2191,Vigaray
2195,Mehdi Lacen
2205,Juan Rodrï¿½guez
2197,Pedro Leï¿½n
2199,Pablo Sarabia
2471,Vï¿½ctor Rodrï¿½guez
2200,ï¿½lvaro Vï¿½zquez
2203,Emiliano Buendï¿½a
2196,ï¿½lvaro Medrï¿½n
2618,Ian Gonzï¿½lez
2261,Jan Oblak
2262,Juanfran
2278,Gimï¿½nez
2264,Diego Godï¿½n
2265,Filipe Luis
2424,ï¿½liver Torres
2268,Gabi
2273,Tiago
2269,Koke
2270,Antoine Griezmann
2548,Jackson Martï¿½nez
2400,Raï¿½l Garcï¿½a
2275,ï¿½ngel Correa
2271,Fernando Torres
2351,Raï¿½l Lizoain
2364,David Simï¿½n
2353,Pedro Bigas
2588,Antolin Alcaraz
2461,Aythami
2355,Dani Castellano
2356,Roque Mesa
2429,Hernï¿½n
2622,Javi Castellano
2358,Jonathan Viera
2365,Sergio Araujo
2363,Vicente Gï¿½mez
2361,Willian Josï¿½
2360,Momo
2601,Toï¿½o
2159,Tito
2487,Zï¿½ Castro
2163,Diego Llorente
2161,Nacho
2575,Patrick Ebert
2488,Raï¿½l Baena
2162,Roberto Trashorras
2168,Bebï¿½
2170,Miku
2171,Manucho
2602,Luis Fariï¿½a
2558,Lass
2385,Mat Ryan
2379,Joï¿½o Cancelo
2386,Rï¿½ben Vezo
2377,Javi Fuego
2387,Danilo
2384,Santi Mina
2382,Pablo Piatti
2538,Zakaria Bakkali
2381,Rodrigo
2392,Gorka Iraizoz
2452,De Marcos
2498,Aymeric Laporte
2404,Elustondo
2396,Balenziaga
2406,Mikel Rico
2397,Beï¿½at
2405,Markel Susaeta
2409,Eraso
2499,Sabin
2410,Aduriz
2408,Gurpegi
2491,Ibai Gï¿½mez
2393,Eneko Bï¿½veda
2091,Javier Mascherano
2093,Jordi Alba
2096,Andrï¿½s Iniesta
2094,Ivan Rakitic
2095,Sergio Busquets
2097,Lionel Messi
2098,Luis Suï¿½rez
2100,Rafinha
2537,Sandro Ramï¿½rez
2104,Sergi Roberto
2208,Ivï¿½n Cuï¿½llar
2209,Alberto Lora
1716,Bernardo
2211,Isma Lï¿½pez
2214,Carlos Carmona
2213,Nacho Cases
2212,Sergio ï¿½lvarez
2216,Jony
2218,Guerrero
2217,Antonio Sanabria
2220,Rachid
2585,Juan Muï¿½iz
2219,ï¿½lex Menï¿½ndez
2243,Keylor Navas
2244,Danilo
2245,Raphael Varane
2246,Sergio Ramos
2257,Marcelo
2250,Luka Modric
2369,Toni Kroos
2255,Isco
2251,Gareth Bale
2371,Cristiano Ronaldo
2256,Jesï¿½
2260,Daniel Carvajal
2249,James Rodrï¿½guez
2254,Mateo Kovacic
2188,Rubï¿½n Martï¿½nez
2175,Ivï¿½n Lï¿½pez
2178,Juanfran
2516,ï¿½ngel Trujillo
2179,Simao Mate
2187,Toï¿½o
2390,Vï¿½ctor Camarasa
2391,Josï¿½ Mari
2180,Verza
2542,Nabil Ghilas
2185,Deyverson
2186,Morales
2184,Casadesï¿½s
2183,Rubï¿½n Garcï¿½a
2293,Rubï¿½n Blanco
2281,Hugo Mallo
2419,Cabral
2600,Fontï¿½s
2280,Jonny
2284,Daniel Wass
2267,Augusto Fernï¿½ndez
2286,Pablo Hernï¿½ndez
2285,Fabiï¿½n Orellana
2290,Iago Aspas
2553,Nï¿½stor
2283,Planas
2287,John Guidetti
2141,Antonio Adï¿½n
2560,Cristiano Piccini
2143,Germï¿½n Pezzella
2444,Bruno
2448,Juan Vargas
2142,ï¿½lvaro Cejudo
2146,Xavi Torres
2144,Alfred N&#039;Diaye
2149,Francisco Portillo
2150,Rubï¿½n Castro
2155,Jorge Molina
2446,Dani Ceballos
2604,Vincenzo Rennella
2447,Fabiï¿½n
2310,Alphonse Areola
2296,Mario
2298,Vï¿½ctor Ruiz
2539,Jaume Costa
2309,Nahuel
2482,Tomï¿½s Pina
2302,Bruno
2303,Samu Castillejo
2311,Roberto Soldado
2304,Leo Baptistao
2301,Manu Trigueros
2306,Cï¿½dric Bakambu
2300,Samu Garcï¿½a
2075,Andrï¿½s Fernï¿½ndez
2509,Dimitri Foulquier
2077,Jean-Sylvain Babin
2563,Diego Mainz
2420,Salva Ruiz
2080,Rubï¿½n Pï¿½rez
2422,Javi Mï¿½rquez
2089,Robert Ibï¿½ï¿½ez
2079,Rubï¿½n Rochina
2425,Piti
2082,Youssef El-Arabi
2088,Edgar Mï¿½ndez
2076,Miguel Lopes
2124,Xabi Irureta
2125,Ander Capa
2126,Mauro Dos Santos
2127,Ivï¿½n Ramis
2436,Antonio Luna
2130,Dani Garcï¿½a
2133,Adriï¿½n
2131,Keko
2437,Gonzalo Escalante
2134,Saï¿½l Berjï¿½n
2135,Sergi Enrich
2591,Mikel Arruabarrena
2128,David Juncï¿½
2307,Jonathan dos Santos
2115,Hernï¿½n Pï¿½rez
2228,Aritz Elustondo
2232,Asier Illarramendi
2099,Neymar
2101,Jeremy Mathieu
2332,Weligton
2334,Miguel Torres
2337,Recio
2279,Sergio ï¿½lvarez
2289,Nemanja Radoja
2158,Quini
2172,Juan Carlos
2160,Antonio Amaya
2370,Karim Benzema
2248,Casemiro
2151,Francisco Molinero
2145,Petros
2530,Didier Digard
2138,Asier Riesgo
2394,Etxeita
2403,ï¿½ï¿½igo Lekue
2613,Aketxe
2069,Daniel Carriï¿½o
2443,Michael Krohn-Dehli
2329,Jesï¿½s Gï¿½mez
2272,Yannick Carrasco
2266,Saï¿½l ï¿½ï¿½guez
2505,Josï¿½ Gayï¿½
2380,Paco Alcï¿½cer
2378,Daniel Parejo
2315,Alejandro Arribas
2500,Luisinho
2327,Jonathan Rodrï¿½guez
2207,Emiliano Velï¿½zquez
2198,Moi Gï¿½mez
2450,Wanderson
2573,ï¿½ngel Lafita
2085,Lombï¿½n
2083,Rene Krhin
2554,Thievy
2367,Javi Varas
2552,Juan Emmanuel Culio
2357,Nabil El Zhar
2388,Zouhair Feddal
2566,Roger
2182,Jefferson Lerma
2603,Marco Andreolli
2063,Timothï¿½e Kolodziejczak
2549,Gaï¿½l Kakuta
2434,Michael Ciani
2122,Joan Jordï¿½n
2258,Pepe
2253,Lucas Vï¿½zquez
2222,Pablo Pï¿½rez
2475,Jaume
2374,Aymen Abdennour
2376,Enzo Pï¿½rez
2383,Andrï¿½ Gomes
2274,Luciano Vietto
2090,Marc-Andrï¿½ ter Stegen
2445,Heiko Westermann
2148,Joaquï¿½n
2227,Mikel Gonzï¿½lez
2535,Imanol Agirretxe
2084,Fran Rico
2305,Adriï¿½n
2308,Denis Suï¿½rez
2395,San Josï¿½
2514,Roberto Lago
2202,Stefan Scepovic
2288,Theo Bongonda
2362,Mubarak Wakaso
2595,Adnane Tighadouini
2562,Eddy
2164,Pablo Hernï¿½ndez
2166,Adriï¿½n Embarba
2167,Javi Guerra
2546,Juan Domï¿½nguez
2472,Bernard Mensah
2494,Denis Cheryshev
2421,Doria
2579,Nicolï¿½s Lï¿½pez
2240,Esteban Granero
2241,Oier
2119,Rober Correa
2109,Enzo Roco
2545,Fuentes
2112,Papakouly Diop
2117,Marco Asensio
2072,Sergio Rico
2282,Sergi Gï¿½mez
2224,Alberto Garcï¿½a
2457,Roberto Canella
2577,Kike Sola
2454,Adriano
2106,Munir
2609,Gerard Gumbau
2169,Razvan Rat
2165,Jozabed
2474,Aderlan Santos
2263,Stefan Savic
2375,Guilherme Siqueira
2230,David Zurutuza
2210,Jorge Merï¿½
2223,Carlos Castro
2092,Gerard Piquï¿½
2137,Aleksandar Pantic
2140,Borja Ekiza
2299,Antonio Rukavina
2593,Bojan Jokic
2153,Rafael van der Vaart
1012,Ricky van Wolfswinkel
2564,Uche
2428,Juan Carlos Valerï¿½n
2247,Nacho
2335,Pablo Fornals
2426,Chechu Dorado
2292,Dejan Drazic
2152,Varela
2317,ï¿½lex Bergantiï¿½os
2433,Mamadou Sylla
2612,Noblejas
2399,Iï¿½aki Williams
2398,Iturraspe
2321,Jonï¿½s Gutiï¿½rrez
2352,David Garcï¿½a
2521,Alfonso
2518,Marcos Llorente
2504,Douglas
2336,Ignacio Camacho
2366,Javier Garrido
2463,Nauzet Alemï¿½n
2606,Fï¿½bio Espinho
2229,Yuri
2234,Mikel Oyarzabal
2359,Tana
2297,Daniele Bonera
2605,Mendi
2259,Kiko Casilla
2189,Pedro Lï¿½pez
2177,David Navarro
2181,Jordi Xumetra
2565,Lï¿½vy Madinda
2465,Lillo
2431,Abraham
2599,Hugo Fraile
2512,Carlos Martï¿½nez
2464,Iï¿½igo Barrenetxea
2608,Hachim Mastour
2578,Javi Ontiveros
2402,Borja Viguera
2156,Dani Gimï¿½nez
2193,Cala
2201,Yoda
2582,Jordi Figueras
2237,Hï¿½ctor
2328,Thomas Partey
2341,Roque Santa Cruz
2294,Seï¿½ï¿½
2497,Dani Ndi
2483,Adriï¿½n Marï¿½n
2064,Sergio Escudero
2477,Tropi
2154,ï¿½lvaro Vadillo
2506,Alende
2529,Borja Fernï¿½ndez
2495,Mateo Musacchio
2157,Yoel
2438,Egor Filipenko
2583,Miguel Cardoso
2291,Pape Cheikh
2173,Joni Montiel
2401,Muniain
2174,Diego Mariï¿½o
2550,Nikos Karï¿½mpelas
2576,Zhang Chengdong
2559,Guitiï¿½n
2459,ï¿½lex Barrera
2569,Fran Villalba
2481,Foued Kadir
2103,Aleix Vidal
2102,Arda Turan
2389,Mauricio Cuero
2407,Iago Herrerï¿½n
2544,David Goldar
2502,Claudio Beauvue
2132,Jota
2531,Wilfried Zahibo
2087,David Barral
2455,Ognjen Vranjes
2368,Montoro
2435,ï¿½scar Duarte
2312,Manu
2344,Christian Atsu
2276,Lucas Hernï¿½ndez
2129,Josip Radosevic
2147,Charly Musonda
2078,Ricardo Costa
2349,Ikechukwu Uche
2373,Diego Alves
2081,Isaac Cuenca
2067,Juan Muï¿½oz
2515,Nili Perdomo
2423,Matï¿½as Kranevitter
2139,Ion Ansotegi
2541,Imanol Corral
2221,Igor Lichnovsky
2176,Carl Medjani
2354,Mauricio Lemos
2508,Leandro Damiï¿½o
2347,Federico Ricca
2507,Capilla
2206,ï¿½lvaro Pereira
2324,Stipe Pletikosa
2325,Manuel Pablo
2462,ï¿½ngel
2330,Guillermo Ochoa
2489,Aras ï¿½zbiliz
2492,Sergi Samper
2326,Rober
2086,Jesï¿½s Fernï¿½ndez
2460,Sergio Asenjo
2522,Henok Goitom
2527,Nacho Monsalve
2066,Curro
2496,Rodri
2451,Miguel ï¿½ngel
2238,Jon Bautista
2485,Ander Gayoso
2469,Matos
2470,Cotï¿½n
2062,Nico Pareja
2295,Mariano Barbosa
2071,Diego Gonzï¿½lez
2070,Carlos Fernï¿½ndez
2476,Sito
2417,Igor Zubeldia
2411,David Carmona
3279,Bakary Konï¿½
5100,Nauzet
5097,Javier Flaï¿½o
5090,David Garcï¿½a
5205,Miguel Flaï¿½o
5141,Unai Garcï¿½a
5094,Fausto
5096,De las Cuevas
5128,Oier
5129,Kenan Kodro
5088,Buï¿½uel
5099,Jaime Romero
5130,Fran Mï¿½rida
5084,Bruno Gama
4068,Florin Andone
5076,Cristian Rivera
5074,Kike Garcï¿½a
5075,Rubï¿½n Peï¿½a
3567,Samuel Umtiti
3237,Aissa Mandi
5036,Riza Durmisi
5170,Felipe Gutiï¿½rrez
3346,Jonas Martin
3544,Jeremie Boga
5180,Jon Toral
2057,Ezequiel Ponce
4163,Luis Martins
5167,Mario Gonzï¿½lez
5113,Santos Borrï¿½
5051,Gabriel Mercado
3210,Wissam Ben Yedder
5087,Roberto Jimï¿½nez
5078,Fernando Amorebieta
5158,Akram Afif
5077,Mikel Vesga
5135,David Concha
5071,Nicolï¿½s Gaitï¿½n
5042,Fernando Pacheco
5043,Kiko Femenï¿½a
5114,Raï¿½l Garcï¿½a
5048,Daniel Torres
5045,Manu Garcï¿½a
4162,Gaizka Toquero
5044,Vï¿½ctor Laguardia
5115,Christian Santos
5116,Pione Sisto
5203,Jon Serantes
5117,Vï¿½ctor Dï¿½az
5119,Martï¿½n Mantovani
4107,Unai Bustinza
5065,Diego Rico
4091,Unai Lï¿½pez
5066,David Timor
5118,Alberto
5067,Gabriel Pires
4037,Pablo Insï¿½a
4226,Darwin Machï¿½s
2589,Rafa Mir
4042,Mï¿½chel Macedo
5080,Emre Colak
5188,Borja Valle
5086,Marc Roca
5169,Youssef En-Nesyri
5101,Carlos Clerc
5095,Sergio Leï¿½n
5073,Florian Lejeune
4536,Nani
5110,Mariano
5068,Alexander Szymanowski
5192,Tyronne
2547,Theo Hernï¿½ndez
5202,Cristian Espinoza
5210,Aitor Cantalapiedra
5171,Tano
5093,Roberto Torres
5111,Ganso
5055,Mateo Garcï¿½a
5057,Jasper Cillessen
5181,Omar Ramos
5166,Konï¿½
3056,Ezequiel Garay
5037,Darko Brasanac
5038,ï¿½lex Alegrï¿½a
5186,Roman Zozulia
980,Franck Tabanou
5108,Omer Atzili
5154,Mehdi Carcela-Gonzï¿½lez
4119,Alberto Bueno
5083,Marlos Moreno
5061,Kepa
5105,Victorien Angban
5204,Lluis Sastre
5121,Markel Areitio
3301,Salvatore Sirigu
5143,Mario Fernï¿½ndez
5160,Imanol Garcï¿½a
5062,Yeray ï¿½lvarez
5060,Aleksandar Katai
5120,Nano
5039,Ryan Donk
5126,Josï¿½ ï¿½ngel
4130,Raï¿½l Navas
5054,Hï¿½lder Lopes
5176,Ryan Babel
5069,Luciano Neves
5091,Alex Berenguer
5098,Olavide
5034,Rafa Navarro
5063,Saborit
5191,ï¿½lvaro Fernï¿½ndez
5040,ï¿½lex Martï¿½nez
2581,Asdrï¿½bal
5133,Aarï¿½n Martï¿½n
5047,Rubï¿½n Sobrino
5146,Mikel Villanueva
5196,Otegui
5207,Javi ï¿½lamo
5152,Juan Rodrï¿½guez
5145,Michael Santos
3353,Vincent Enyeama
3363,Benjamin Pavard
3358,Ibrahim Amadou
3355,Renato Civelli
3357,Djibril Sidibe
3563,Florent Balmont
3359,Rio Mavuba
3354,Sï¿½bastien Corchia
3361,ï¿½ric Bautheac
3360,Mounir Obbadi
3368,Junior Tallo
3791,Ryan Mendes
3286,Kevin Trapp
3600,Serge Aurier
3288,Thiago Silva
3289,Maxwell
3296,Blaise Matuidi
3552,Marco Verratti
3291,Adrien Rabiot
3293,Lucas Moura
3294,Edinson Cavani
3295,Javier Pastore
3299,Jean-Kevin Augustin
3292,Thiago Motta
3318,Jean-Louis Leca
3319,Francois Modesto
3322,Alexander Djiku
3321,Sï¿½bastien Squillaci
3546,Julian Palmieri
3326,Sadio Diallo
3325,Yannick Cahuzac
3333,Francois Kamano
3327,Brandï¿½o
3328,Floyd Ayitï¿½
3659,Christopher Maboulou
3334,Lassana Coulibaly
3329,Gaï¿½l Danic
3218,Benoit Costil
3592,Steven Moreira
3221,Pedro Mendes
3220,Sylvain Armand
3626,Mexer
3227,Ludovic Baal
3641,Yacouba Sylla
3224,Gelson Fernandes
3225,Pedro Henrique
3228,Giovanni Sio
3411,Ermir Lenjani
3231,Kamil Grosicki
3605,Brice Dja Djï¿½djï¿½
3388,Karim Rekik
3649,Stephane Sparagna
3389,Benjamin Mendy
3391,Jacques-Alaixys Romao
3394,Romain Alessandrini
3559,Abdel Barrada
3393,Bouna Sarr
3520,Rï¿½my Vercoutre
3521,Dennis Appiah
3542,Damien Da Silva
3524,Alaeddine Yahia
3622,Emmanuel Imorou
3522,Jordan Adeoti
3564,Lenny Nangis
3668,Jonathan Delaplace
3527,Julien Fï¿½ret
3525,Vincent Bessat
3530,Andy Delort
3537,Jordan N&#039;Kololo
3532,Herve Bazile
3543,Nicolas Seube
3703,Geoffrey Jourdren
3340,Bryan Dabo
3351,Mathieu Deplagne
3349,Ramy Bensebaini
3338,Daniel Congrï¿½
3606,Joris Marveaux
3741,Paul Lasne
3343,Ryad Boudebouz
3590,Souleymane Camara
3800,Steve Mounie
3630,Mamadou N&#039;Diaye
3342,Kï¿½vin Berigaud
3744,Ludovic Butelle
3486,Vincent Manceau
3487,Ismael Traorï¿½
3488,Romain Thomas
3489,Yoann Andreu
3491,Romain Saiss
3492,Cheikh Ndoye
3494,Billy Ketkeophomphone
3490,Thomas Mangani
3745,Abdoul Camara
3493,Gilles Sunu
3495,Pierrick Capelle
3398,Rï¿½my Riou
3412,Lï¿½o Dubois
3550,Koffi Djidji
3740,Lucas Deaux
3804,Olivier Veigneau
3549,Adrien Thomasson
3415,Birama Tourï¿½
3673,Valentin Rongier
3407,Adryan
3406,Emiliano Sala
3410,Yacine Bammou
3408,Kolbeinn Sigthorsson
3405,Alejandro Bedoya
3409,Johan Audel
3472,Lars Jacobsen
3618,Jï¿½rï¿½my Sorbon
3470,Christophe Kerbrat
3654,Dorian Lï¿½vï¿½que
3702,Nill de Pauw
3628,Lionel Mathis
3474,Younousse Sankhare
3476,Thibault Giresse
3574,Nicolas Benezet
3473,Yannis Salibur
3575,Moustapha Diallo
3478,Sloan Privat
3704,Mana Dembele
3805,Simon Pouplin
3305,Paul Baysse
3308,Mathieu Bodmer
3304,Maxime Le Marchand
3645,Olivier Boscagli
3307,Vincent Koziello
3312,Jean Michael Seri
3638,Hatem Ben Arfa
3309,Valï¿½re Germain
3310,Alassane Plï¿½a
3722,Kevin Gomis
3313,Mouez Hassen
3585,Said Benrahma
3416,Danijel Subasic
3420,Fabinho
3417,Andrea Raggi
3418,Ricardo Carvalho
3298,Layvin Kurzawa
1134,Mario Pasalic
3421,Jï¿½rï¿½my Toulalan
3634,Nabil Dirar
3422,Joï¿½o Moutinho
3683,Ivan Cavaleiro
3635,Bernardo Silva
3424,Guido Carrillo
3251,Paul Bernardoni
3469,Jonathan Pereira
3610,Mory Kone
3609,Matthieu Saunier
3434,Lossemy Karaboue
3439,Jessy Pi
3611,Thomas Ayasse
3441,Fabien Camus
3583,Benjamin Nivet
3446,Yoann Court
3445,Corentin Jean
3456,Jimmy Cabot
3442,Chaouki Ben Saada
3612,Henri Bienvenu
3382,Jules Goda
3370,Issiaga Sylla
3373,Pablo Martinez
3540,Alexandre Coeff
3375,Damjan Djokovic
3376,David Ducourtioux
3613,Amos Youga
3374,Jerome Le Moigne
3377,Mohamed Larbi
3614,Grï¿½gory Pujol
3379,John Tshibumbu
3383,Kï¿½vin Mayi
3380,Khalid Boutaib
3217,Mauro Goicoechea
3204,Uros Spajic
3539,Jean-Armel Kana-Biyik
3646,William Matheus
3538,Tongo Doumbia
3209,Jean-Daniel Akpa-Akpro
3215,ï¿½tienne Didot
3213,Adrien Regattin
3211,Martin Braithwaite
3207,Alexis Blin
3208,ï¿½scar Trejo
3503,Stï¿½phane Ruffier
3504,Kï¿½vin Thï¿½ophile-Catherine
3689,Loic Perrin
3505,Florentin Pogba
3759,Francois Clerc
3508,Jï¿½rï¿½my Clï¿½ment
3509,Fabien Lemoine
3516,Benoit Assou-Ekotto
3513,Kï¿½vin Monnet-Paquet
3749,Jonathan Bamba
3561,Romain Hamouma
3623,Ismael Diomande
3512,Nolan Roux
2998,Yohan Mollo
3727,Cï¿½dric Carrasso
3253,Frederic Guilbert
3670,Nicolas Pallois
3809,Grï¿½gory Sertic
3576,Maxime Poundje
3252,Andre Biyogo Poko
3258,Clï¿½ment Chantï¿½me
3263,Thomas Tourï¿½
3577,Cheick Diabatï¿½
3731,Nicolas Maurice-Belay
3261,Diego Rolan
3257,Cï¿½dric Yambï¿½rï¿½
3250,Kossi Agassa
3239,Hamari Traore
3666,Anthony Weber
3555,Franck Signorino
3240,Antoine Devaux
3642,Alexis Peuget
3664,Frï¿½dï¿½ric Bulot
3556,Prince Onianguï¿½
3244,Nicolas de Preville
3245,David Ngog
3243,Gaï¿½tan Charbonnier
3682,Jordan Siebatcheu
3663,Grejohn Kyei
3269,Anthony Lopes
3270,Rafael
3273,Henri Bedimo
3603,Corentin Tolisso
3569,Steed Malbranque
3275,Jordan Ferri
3667,Nabil Fekir
3277,Alexandre Lacazette
3282,Arnold Mvuemba
3271,Jï¿½rï¿½my Morel
3276,Rachid Ghezzal
3451,Benjamin Lecomte
3607,Lamine Gassama
3457,Francois Bellugou
3677,Wesley Lautoa
3464,Vincent Le Goff
3324,Mehdi Mostefa
3458,Walid Mesloub
3570,Benjamin Moukandjo
3460,Benjamin Jeannot
3465,Alain Traorï¿½
3463,Romain Philippoteaux
3459,Maxime Barthelme
3724,Baptiste Guillaume
3739,Soualiho Meitï¿½
3356,Adama Soumaoro
3506,Moustapha Bayal Sall
3514,Benjamin Corgnet
3507,Vincent Pajot
3631,Jerome Prior
3255,Diego Contento
3712,Isaac Thelin
3502,Denis Petric
3582,Chris Mavinga
3438,Stï¿½phane Darbion
3447,Thiago Xavier
3311,Mahamane Traorï¿½
3757,Jonathan Correia
3778,Albert Rafetraniaina
3515,Valentin Eysseric
3223,Benjamin Andrï¿½
3233,Mehdi Zeffane
3799,Wesley Said
3337,Hilton
3352,Djamel Bakar
3698,Ferebory Dore
3586,Jean-Pierre Nsamï¿½
3401,Oswaldo Vizcarrondo
3652,Enock Kwateng
3534,Chaker Alhadhur
3686,Pavle Ninkov
3205,Franï¿½ois Moubandje
3206,Yann Bodiger
3688,Mamadou Samassa
3471,Benjamin Angoua
3477,Jimmy Briand
3274,Maxime Gonalons
3186,Mathieu Valbuena
3278,Maxwel Cornet
3248,Omenuke Mfulu
3387,Nicolas N&#039;Koulou
3461,Majeed Waris
3466,Marvin Gakpa
3608,Moryke Fofana
3320,Mathieu Peybernes
3323,Florian Marange
3687,Yassine Jebbour
3332,Thomas Vincensini
3643,Ezequiel Lavezzi
3369,Clï¿½ment Maury
3371,Roderic Filippi
3378,Jacques Zoua
3350,Jonathan Ligali
3339,Jï¿½rï¿½me Roussillon
3272,Mapou Yanga-Mbiwa
3222,Cheikh M&#039;Bengue
3404,Rï¿½mi Gomis
3241,Jaba Kankava
3595,Johny Placide
3580,Alexandre Mendy
3523,Syam Ben Youssef
3651,Jeff Louis
3214,Steeve Yago
3431,Almamy Tourï¿½
3695,Adama Traorï¿½
3429,Tiemouï¿½ Bakayoko
3427,Fares Bahlouli
3432,Lacina Traorï¿½
3425,Thomas Lemar
3547,Jesper Hansen
3482,Maxime Baca
3771,Julien Begue
3501,Goran Karanoviï¿½
3565,Marko Basa
3720,Milan Gajic
3766,Kevin Soni
3260,Enzo Crivelli
3266,Jussiï¿½
3467,Florent Chaigneau
3690,Pierre-Yves Polomat
3621,Neal Maupay
3562,Jonathan Brison
3557,Lass Diarra
3390,Rï¿½my Cabella
3449,Quentin Othon
3444,Brayan Perea
3481,Reynald Lemaï¿½tre
3479,Marcus Coco
3566,Christophe Jallet
3526,Ronny Rodelin
3372,Kader Mangane
3754,Issiar Dia
3336,William Remy
3770,Quentin Cornette
3587,Guy N&#039;Gosso
3639,Paulin Puel
3644,Wallyson Mallmann
3238,Antoine Conte
3596,Atila Turan
3781,Denis Bouanga
3571,Rafidine Abdullah
3230,Paul-Georges Ntep
3202,Somï¿½lia
3419,Elderson Echiï¿½jilï¿½
3297,Marquinhos
3553,ï¿½ngel Di Marï¿½a
3265,Pablo
3268,Abdou Traorï¿½
3640,Aldo Kalulu
3366,Yassine Benzia
3602,Stoppila Sunzu
3345,Mustapha Yatabarï¿½
3691,Robert Beric
3629,Yann Jouffre
3588,Olivier Auriac
3435,Dusan Veskovac
3528,Jordan Leborgne
3303,Ricardo Pereira
3789,Mickael Le Bihan
3653,Jeremie Brï¿½chet
3633,Fï¿½bio Coentrï¿½o
3414,Maxime Dupï¿½
3400,Lorik Cana
3399,Youssouf Sabaly
3545,Abdoulaye Diallo
3219,Romain Danze
3392,Lucas Silva
3396,Paolo De Ceglie
3331,Axel Ngando
3737,Mike Maignan
3242,Diego
3287,Gregory Van der Wiel
3717,Slimane Sissoko
3589,Mathias Serin
3436,Anele Ngcongca
3597,Gilles Cioni
3548,Florian Raspentino
3362,Rony Lopes
3747,Boschilia
3454,Zargo Toure
3632,Kevin Malcuit
3413,Jules Iloki
6434,Franck Zambo
3496,Arnold Bouka Moutou
3500,Charles Diers
3249,Mohamed Fofana
3247,Odaï¿½r Fortes
3554,Mickaï¿½l Tacalfred
3483,Laurent Dos Santos
3620,Jaroslav Plasil
3384,Louis Poggi
3742,Jean Deza
3402,Wilfried Moimbï¿½
3783,Youssef Benali
3453,Lindsay Rose
3397,Rolando
3499,Gael Angoula
3335,Laurent Pionnier
3452,Pape Paye
3601,Marvin Martin
3347,Ellyes Skhiri
3573,Franck Hery
3758,Ali Ahamada
3787,Mouhamadou Habib Habibou
3529,Saidi Ntibazonkiza
3259,Adam Ounas
3531,Alexandre Raineau
3386,Alassane Toure
3212,Zinedine Machach
3480,Julien Cardy
3462,Rï¿½mi Mulumba
3344,Casimir Ninga
3627,Juan Quintero
3302,Yoan Cardinale
3762,Yaw Yeboah
3437,Mouhamadou Dabo
3748,Erin Pinheiro
3560,Renaud Cohade
3314,Franck Honorat
3428,Hï¿½lder Costa
3316,Romain Genevois
3317,Niklas Hult
3711,Alexis Alegue
3776,Diego Gomez
3440,Karim Azamoum
3604,Stï¿½phan Raheriharimanana
3721,Romain Del Castillo
3599,Presnel Kimpembe
3598,Hervin Ongenda
3696,Morgan Sanson
3705,Hugo Rodriguez
3674,Abdoulaye Tourï¿½
3773,Nolan Mbemba
3774,Alexis Araujo
3755,Lyes Houri
3568,Clï¿½ment Grenier
3625,Johan Martial
3700,Hicham M&#039;Laab
3730,Valentin Lavigne
3201,Alban Lafont
3203,Issa Diop
3517,Ronael Pierre Gabriel
3536,Jean-Victor Makengo
3283,Mathieu Gorgelin
3423,Kylian Mbappe-Lottin
3728,Paul Andre Guerin
3767,Ilias Hassani
3743,Lucas Tousart
3658,Julien Romain
3475,Ludovic Blas
3756,Jeremy Livolant
3733,Nicolas Janvier
3753,Eddy Maanane
3751,Thomas Henry
3341,Jamel Saihi
3367,Youssouf Kone
3430,Paul Nardi
3578,Jean Ambrose
3256,Valentin Vada
3746,Gaetan Laborde
3729,Hassane Kamara
3448,Alois Confais
3443,Babacar Gueye
3229,Yoann Gourcuff
3679,Hamadou Karamoko
3485,Alexandre Letellier
3498,Mohamed Yattara
3403,Guillaume Gillet
3511,Alexander Sï¿½derlund
3579,Antony Ranieri
3734,Jï¿½rï¿½mie Porsan-Clemente
3647,Antoine Rabillard
3701,Gautier Lloris
3694,Joris Gnagnon
3364,Morgan Amalfitano
3655,Charles Traore
3726,Anthony Ribelin
3315,Dorian Caddy
3306,Remi Walter
3395,Yohann Pelï¿½
3426,Vï¿½gner Love
3636,Ilyes Chaibi
3330,Abdoulaye Keita
3510,Oussama Tannane
3264,Mauro Arambarri
3433,Matthieu Dreyer
3497,Grï¿½gory Bourillon
3533,Christian Kouakou
3262,Malcom
3235,Sebastien Salles-Lamonge
3285,Gaetan Perrin
3236,Johann Carrasso
3246,Aly Ndom
3381,Amine Chermiti
3584,Deniz Hummet
3519,Ole Selnaes
3280,Zakarie Labidi
3348,Florian Sotoca
3281,Olivier Kemen
3300,Christopher Nkunku
3572,Yrondu Musavu-King
3681,Rincon
3685,Pantxi Sirieix
3661,Kermit Erasmus
3558,Abou Diaby
3581,Jemerson
3699,Aissa Laidouni
3707,Kevin Rimane
3714,Yakou Meite
3706,Timothee Taufflieb
3713,Samuel Grandsir
3692,Franck Beria
3709,Sï¿½bastien Wï¿½thrich
3710,Anthony Walongwa
3684,Mahamadou N&#039;Diaye
3676,Erwin Koffi
3678,Issam Ben Khemis
3672,Nicolas Douchez
3671,Robin Maulun
5690,Karl-Johan Johnsson
5691,Jordan Ikoko
5805,Alexis Mane
5796,Anthony Vanden Borre
5654,Baptiste Santamaria
5730,Famara Diedhiou
5657,Karl Toko Ekambi
5785,Dickson Nwakaeme
5656,Nicolas Pepe
5701,Ivan Santini
5700,Yann Karamoh
5646,Cafï¿½
5806,Faiz Selemani
5671,Thomas Didillon
4744,Jonathan Rivierez
4734,Guido Milan
5673,Simon Falette
5672,Ivï¿½n Balliu
4741,Cheick Doukoure
5677,Florent Mollet
5676,Opa Nguette
5675,Ismaila Sarr
5769,Habib Diallo
5729,Nicolas Basin
5614,Baptiste Reynet
5692,Fouad Chafik
5624,Yunis Abdelhamid
5617,Cedric Varrault
5784,Quentin Bernard
5620,Romain Amalfitano
5725,Jordan Mariï¿½
5621,Frederic Sammaritano
5622,Jï¿½lio Tavares
4805,Dylan Bahamboula
5623,Lois Diony
5626,Jeremie Bela
5693,Yohann Riviere
5712,Diego Carlos
5713,Lucas Lima
5717,Amine Harit
5776,Nicolaj Thomsen
5627,Guy N&#039;Dy Assembe
5628,Joffrey Cuffaut
5050,Clement Lenglet
5629,Modou Diagne
5720,Vincent Muratori
5633,Youssef Ait Bennasser
5739,Serge N&#039;Guessan
5697,Benoit Pedretti
5634,Antony Robic
5637,Junior Dalï¿½
5636,Anthony Koura
4708,Christophe Mandanne
5631,Tobias Badila
5638,Loic Puyo
5647,Arnaud Souquet
5648,Malang Sarr
5699,Dalbert
5649,Vincent Marcel
5777,Arnaud Lusamba
3962,Anastasios Donis
4768,Wylan Cyprien
5740,Adama Diakhaby
3022,Tomas Hubocan
5737,Saif-Eddine Khaoui
3785,Kelvin Adou
4345,Christopher Jullien
3697,Odsonne Edouard
2856,Maciej Rybus
5714,Alexander Kacaniklic
4804,Abdou Diallo
3657,Kevin N&#039;Doram
5632,Julien Cetout
5641,Diallo Guidileye
5794,Jerson Cabral
5755,Vincent Rï¿½fli
5708,Fernando Marï¿½al
3772,Maxime Lopez
5787,Aaron Leya Iseka
3764,Benjamin Karamoko
3750,Dylan Saint-Louis
5674,Georges Mandjeck
5778,Johan Gastien
5619,Pierre Lees-Melou
5703,Pape Sane
5653,Mathieu Michel
5698,Abdou Karim Coulibaly
5639,Youssouf Hadji
4837,Fernando Aristeguieta
5705,Jimmy Durmaz
5680,Thomas Meunier
5679,Leo Lacroix
5666,Mouctar Diakhaby
3786,Mathieu Cafaro
4403,Mehdi Abeid
1064,Sylvain Marveaux
5696,Vincent Marchetti
5718,Mariusz Stepinski
3484,Theo Guivarch
5763,Mohamed Mara
5667,Igor Lewczuk
5731,Mateo Pavlovic
5658,Mehdi Tahrat
5670,Geoffrey Acheampong
5609,Yves Bissouma
5608,Naim Sliti
5774,Clement Michelin
5694,ï¿½dï¿½m Lang
5616,Jordan Loties
5642,Erick Cabaco
5630,Michael Basser Chretien
5766,Romain Salin
4782,Baissama Sankoh
5727,Gauthier Hein
5746,Vincent Thill
5804,Moussa Seydi
5723,Emanuel Mammana
5735,Jean-Philippe Mateta
5791,Morgan Poaty
3795,Adrien Hunou
5684,Arnaud Nordin
4746,Rod Fanni
5661,Jonathan Ikone
5635,Faitout Maouassa
5734,Jordy Gaspar
5695,Alou Diarra
5762,Pierre-Yves Hamel
5759,Matteo Guendouzi
4869,Nicolas Saint-Ruf
4710,Cï¿½dric Mongongu
5726,Anthony Belmonte
4793,Chris Philipps
4740,Kï¿½vin Lejeune
5611,Martin Terrier
5722,Ibrahim Sangare
2810,Salvatore Bocchetti
2999,Gianni Bruno
2729,Felipe Santana
2952,Jonathan Mensah
3813,Luka Djordjevic
4077,Sergio Sï¿½nchez
4084,Naldo
3820,Maxime Lestienne
1750,Ainsley Maitland-Niles
1776,Jarrod Bowen
5542,Grant Leadbitter
4422,Ashley Barnes
1748,Lys Mousset
1762,Ovie Ejaria
1745,Josh Tymon
1752,Fabio
1667,Paul Robinson
5557,Ben Woodburn
5565,Josh Sims
1412,Daniele Dessena
1177,Stefano Pettinari
1327,Matheus Pereira
1280,Simone Lo Faso
1304,Moise Kean
1176,Alessandro Bruno
4929,Orji Okwonkwo
3978,Marco Faraoni
1114,Davide Biraschi
4975,Joshua Pï¿½rez
4160,David Costas
5144,Luis Muï¿½oz
5134,ï¿½scar Melendo
5092,Goran Causic
5214,Martin Hansen
5347,Jonas Fï¿½hrenbach
4339,Mats Mï¿½ller Dï¿½hli
2699,Finn Porath
5235,Aymen Barkok
5251,Rani Khedira
5332,Victor Obinna
5306,Aaron Seydel
5771,Paul Charruau
5644,Jï¿½rï¿½mie Aliadiï¿½re
5645,Paul Delecroix
5786,Yoane Wissa
5793,Quentin Depehi
4859,Thibaut Vion
3535,Paul Reulet
5640,Sergei Chernik
5764,Alexandre Llovet
5773,Zaydou Youssef
1390,Marko Rog
1476,Cristian Dell&#039;Orco
1343,Samuel Bastien
4932,Pietro Pellegri
972,Jerome Sinclair
1777,Julien Ngoy
4441,Matthew James
5555,Dominic Calvert-Lewin
1791,Trent Alexander-Arnold
782,Ben Chilwell
5125,Josï¿½ Carlos
5173,Asier Villalibre
5157,Ivï¿½n Mï¿½rquez
5059,Denys Boyko
2478,Carlos Soler
2277,Moyï¿½
5164,Leo Suï¿½rez
5149,Diego Barrios
5263,Lukas Kï¿½bler
4245,Julian Schuster
2685,Baris Atik
5269,Hï¿½vard Nielsen
5324,Justin Mï¿½bius
5303,Donis Avdijaj
5323,Bernard Tekpetey
4244,Karim Guï¿½dï¿½
5750,Lorenzo Callegari
3518,Jessy Moulin
5772,Anthony Maisonnial
5668,Thï¿½o Pellenard
5650,Patrick Burner
5652,Walter Benï¿½tez
4742,David Oberhauser
5343,Hendrik Hansen
304,Ashton Gï¿½tz
5655,Flavien Tait
4430,Joey Barton
4406,Lazar Markovic
4401,Emiliano Martinez
1747,Kevin Long
4450,Adel Taarabt
3943,Sulley Muntari
1158,Simone Scuffet
1388,Rafael Cabral
3821,Rolando Mandragora
4291,Marc-Oliver Kempf
4182,Gaztaï¿½aga
4185,Erik Morï¿½n
4833,Dimitri Kevin Cavare
4709,Benjamin Leroy
4299,Jefferson Farfï¿½n
4440,Esteban Cambiasso
1086,Dean Hammond
984,Mike Williamson
4404,Ryan Taylor
4419,Adam Armstrong
4408,Steven Gerrard
4390,Robert Green
4392,Nedum Onuoha
4444,Richard Dunne
4398,Clint Hill
4394,Karl Henry
4393,Yun Suk-Young
4396,Bobby Zamora
4433,Ron Vlaar
1004,Joe Cole
4367,Eljero Elia
4386,Nï¿½lson Oliveira
1771,Reece Burke
4383,Carlton Cole
4435,Nenï¿½
4421,Jason Shackell
4426,Michael Duff
4464,Matthew Taylor
4472,Marvin Sordell
4425,Ross Wallace
4387,Robin van Persie
4389,Chris Baird
1008,Brown Ideye
4434,Didier Drogba
4402,Yaya Sanogo
4442,Paulinho
4418,Frank Lampard
4468,Dedryck Boyata
4415,Steve Harper
4410,Paul McShane
4413,Stephen Quinn
4414,Sone Aluko
994,Aiden McGeady
4437,Luke Garbutt
968,Liam Bridcutt
4420,Sammy Ameobi
4397,Niko Kranjcar
4399,Shaun Wright-Phillips
4395,Junior Hoilett
4467,Jazz Richards
4445,Reece Grego-Cox
4388,Anthony Rï¿½veillere
1788,Fredrik Ulvestad
4463,Tyler Blackett
4481,Isaiah Brown
4400,Tomas Rosicky
4473,William Buckley
4475,Jed Steer
1041,Nathan Baker
4423,Steven Reid
1035,Kenji Gorrï¿½
4446,Brandon Comley
4457,Cole Kpekawa
1020,Elliot Lee
4427,Andreas Weimann
4409,Allan McGregor
4411,Alex Bruce
4471,Mohamed Diamï¿½
4432,Michael Doughty
4431,Armand Traore
4443,Yannick Sagbo
4439,Paul Konchesky
4462,Liam Rosenior
4436,Shola Ameobi
758,Mark Schwarzer
4438,Matt Upson
4391,Darnell Furlong
4429,Rio Ferdinand
918,Joey O&#039;Brien
4461,Tom Lawrence
1790,Chuba Akpom
1049,Ryan Seager
4405,Florin Gardos
1044,Oliver Shenton
4384,Jussi Jï¿½ï¿½skelï¿½inen
4412,Maynor Figueroa
4489,Oussama Assaidi
4455,Jak Alnwick
3829,Silvestre Varela
4488,Barry Bannan
1759,Ben Hamer
912,Mikael Mandron
1092,Diego Poyet
4454,Tom Ince
4497,Anthony Knockaert
4492,Josï¿½ Enrique
4448,Dwight Tiendalli
4385,Guy Demel
4493,Jozy Altidore
4485,Josï¿½ Pozo
3871,Lukas Podolski
4491,Emmanuel Mayuka
3814,Samuel Eto&#039;o
1062,Gerhard Tremmel
4495,Liam Moore
4456,Chris Wood
1755,Jake Hesketh
4428,Daniel Lafferty
4460,Brad Jones
4487,Jerome Thomas
4447,Dominic Gape
4416,Jason McCarthy
4507,Haris Vuckic
4508,Darren Bent
4500,Kevin Doyle
4469,Philippe Senderos
4499,Georgios Samaras
4503,Ricardo Vaz Te
4505,Sebastiï¿½n Blanco
4513,Tom Thorpe
4528,Alejandro Faurlin
4530,Valentin Roberge
4531,Stuart O&#039;Keefe
1761,Lloyd Isgrove
4532,Gary Taylor-Fletcher
4479,Jason Davidson
4525,Anderson
3815,Gonzalo Bergessio
3848,Carlos Tï¿½vez
1952,Leonardo Fontanesi
3869,Dejan Lazarevic
3866,Cesare Natali
2022,Samir Ujkani
3842,Claudio Terzi
3818,Alassane Tambe
3819,Zakarya Bergdich
3870,Nemanja Vidic
3873,Ezequiel Schelotto
1982,Anders Christiansen
3896,Javier Saviola
3895,Fernandinho
3894,Alessandro Agostini
3909,Giuseppe Biava
3910,Cristiano Del Grosso
3906,Rolando Bianchi
3885,Josï¿½ Basanta
3851,Federico Agliardi
3852,Gabriele Perico
3853,Daniele Capelli
1242,Luka Krajnc
1632,Francesco Renzetti
3859,Gaby Mudingayi
3861,Nicola Dalmonte
3856,Milan Djuric
3854,Emmanuel Cascione
3849,Mariano Andï¿½jar
1639,Sebastiano Luperto
3904,Gian Filippo Felicioli
3913,Antonio Balzano
3836,Alessandro Iacobucci
3830,Cristï¿½bal Jorquera
3831,Abdelkader Ghezzal
3832,Massimo Coda
3833,Andi Lila
3825,ï¿½lvaro Gonzï¿½lez
1392,Luigi Sepe
1941,Mattia Vitale
3875,Rubï¿½n Botta
3901,Guillermo Rodrï¿½guez
3899,Mattia Valoti
3898,Gustavo Campanharo
3880,Melker Hallberg
3878,Alexandre Geijo
3931,Vlada Avramov
3907,Giorgio Frezzolini
3855,Giuseppe De Feudis
3857,Andrea Tabanelli
3858,Riccardo Cazzola
3839,McDonald Mariga
2030,Henrique
3850,Walter Gargano
3810,Francesco Tavano
3886,David Pizarro
3823,Cristian Ledesma
3843,Francesco Della Rocca
3897,Rafael Marques
3876,Ioannis Fetfatzidis
1968,Ricardo Bagadur
3838,Alessandro Lucarelli
3893,Lukas Haraslin
1990,Jeremy Broh
3912,Giandomenico Mesto
3863,Massimo Volta
3864,Stefano Lucchini
3847,Andrea Pirlo
3872,George Puscas
3890,Daniele Galloppa
3835,Mirko Esposito
3860,Zï¿½ Eduardo
3928,Richmond Boakye
3908,Lorenzo Rosseti
3905,Alessandro Mastalli
3948,Simone Rosso
3826,Migjen Basha
3822,Luis Pedro Cavanda
3929,Lionel Scaloni
3933,Davide Di Molfetta
3914,Alejandro Gonzï¿½lez
2052,Simone Pontisso
3816,Federico Balzaretti
1479,Alberto Pomini
3868,Paolo Bianco
1625,Walter Bressan
3889,Constantin Nica
3924,Hï¿½rdur Bjorgvin Magnusson
3925,Gabriele Moncini
3834,Ishak Belfodil
3958,Nico Pulzetti
3865,Davide Succi
3837,Fabiano Santacroce
3891,Giuseppe Prestia
3922,Diego Novaretti
2002,Francesco Bolzoni
3937,Daniele Conti
3936,Andrea Cossu
3923,Ederson
3938,Francesco Pisano
3932,Ivan Martic
3961,Josef Husbauer
3817,Ashley Cole
3812,Michele Somma
3970,Cristian Rodrï¿½guez
3915,Caio
3967,Michael Essien
3964,Gaston Camara
3882,Isaac Donkor
3824,Bruno Pereirinha
3981,Simone Benedetti
3811,Joshua Brillante
3992,Soufiane Bidaoui
3995,Mounir El Hamdaoui
3997,Antonio Mazzotta
3998,Luca Valzania
4005,Pablo Daniel Osvaldo
4009,Facundo Lescano
3877,Nicola Pozzi
3960,Salvatore Masiello
3985,Sebastian Giovinco
3983,Jean-Franï¿½ois Gillet
3990,Luca Antonini
3927,Alessio Cragno
3988,Nenï¿½
4011,Manuel Coppola
4010,Luca Garritano
3986,Nicola Bellomo
4022,Granddi N&#039;Goyi
3989,Salvatore Molina
4017,Juan Sï¿½nchez Miï¿½o
3879,Alexis Zapata
4001,Stefan Ristovski
4003,Gianluca Sansone
3987,Lucas Souza
4019,Marcelo Larrondo
4012,Davide Moro
3841,Simon Makienok
4002,Francesco Fedato
4000,Nicola Belmonte
4024,Michu
4016,Edimar
4026,Paulo Barreto
4031,Jonathan
4027,Sol Bamba
3845,Joï¿½o Silva
3884,Marco Marchionni
4029,Tiberio Guarente
4008,Franco Mussis
4278,Miso Brecko
4270,Andreas Beck
4287,Sejad Salihovic
4239,Sebastian Kehl
4281,Cedrick Makiadi
4272,Anderson
4274,Nï¿½lson Haedo Valdez
4241,Pavel Krmas
4256,Lukas Kruse
4295,Marc Vucinovic
4258,Uwe Hï¿½nemeier
4231,Rafa
4259,Daniel Brï¿½ckner
4265,Sï¿½leyman Koc
4260,Patrick Ziegler
4266,Marvin Bakalorz
4296,Moritz Stoppelkamp
4263,Srdjan Lakic
4264,Mahir Saglik
4261,Jens Wemmer
4234,Simon Rolfes
416,Gianluca Gaudino
4330,Lukas Gï¿½rtler
4282,Marcell Jansen
4237,Marcel Ndjeng
4249,Mensur Mujdza
4242,Stefan Mitrovic
4238,John Heitinga
4293,Didier Ya Konan
4253,Nikolce Noveski
4257,Michael Heinloth
4300,Tranquillo Barnetta
4268,Christian Strohdiek
4297,Stefan Kutschke
4286,Adam Matuschyk
143,Bard Finne
4277,Daniel Halfar
4312,Marnon Busch
4273,Alexander Madlung
4276,Slawomir Peszko
4285,Thomas Brï¿½ker
428,Max Grï¿½n
4235,Petr Jirï¿½cek
4315,Marius Stankevicius
4317,Hajime Hosogai
2677,Shawn Parker
4267,Florian Hartherz
4279,Raphael Wolf
410,Levent Aycicek
4275,Lucas Piazon
4307,Jan Schlaudraff
4262,Alban Meha
4240,Jeremy Dudziak
4311,Idir Ouali
2670,Sascha Burchert
4329,Marvin Ducksch
4328,Jerome Kiesewetter
4283,Mohamed Gouaida
4333,Ronny Marcos
4294,Oliver Kirch
4290,Nikola Djurdjic
4325,Joï¿½o Pereira
4289,Dani Schahin
4301,Timon Wellenreuther
4309,Atsuto Uchida
389,Maurice Hirsch
2686,Fabian Giefer
4338,Sercan Sararer
4334,Mirnes Pepic
4255,Stefanos Kapino
4344,Florian Kath
4342,Christian Pander
4366,Sebastian Freis
4348,Tolgay Arslan
4349,Richard Strebinger
4360,Timo Hildebrand
4347,Philipp Zulechner
2676,Erik Thommy
4346,Sebastian Kerk
4354,Petar Sliskovic
4355,Patrick Pflï¿½cke
4352,Ronny Philp
4362,Junior Malanda
4316,Kai Herdling
4372,Ludovic Obraniak
4370,Stefan Thesker
4233,Thorsten Kirschbaum
4371,Chinedu Obasi
4323,Julian Green
4373,Valmir Nafiu
4361,Martin Lanig
4353,Marcel de Jong
4363,Thomas Bertels
4374,Matti Steinmann
4356,Julian Koch
4379,Mitsuru Maruoka
4377,Joseph-Claude Gyau
4378,Tolcay Cigerci
4054,Pablo Hervï¿½as
4075,Loukas Vyntra
4074,Kalu Uche
4071,ï¿½ï¿½igo Lï¿½pez
4072,Deivid
4152,Luso
4146,Fidel
4079,Patrick Ekeng
4069,Fede Vico
4078,Adriï¿½n Gunino
4093,Xavi
4108,Andoni Iraola
4159,Guillermo
4096,Stï¿½phane Mbia
4097,Iker Casillas
2587,Fabri
4129,Tochï¿½
4102,Juan Carlos
4059,Hï¿½ctor Moreno
4060,Sergio Garcï¿½a
4123,Jorge Morcillo
4120,ï¿½lex Moreno
4122,Licï¿½
4086,Fredy Hinestroza
4094,Diego Castro
4148,Babï¿½
2528,Ivi
4106,Roberto
4139,Txema Aï¿½ibarro
4132,Borja
4131,Dï¿½dac Vilï¿½
4137,Derek Boateng
4157,Manu del Moral
4133,Federico Piovaccari
4136,ï¿½ngel
2620,Jon Errasti
4114,Domingo Cisma
4111,Rodrigues
4110,Aarï¿½n ï¿½ï¿½guez
4116,Sergio Pelegrï¿½n
4115,Manu Herrera
4052,Ximo Navarro
4049,Casado
4050,Jonathan
4081,Javier Espinosa
4043,Sebastiï¿½n Dubarbier
4047,Wellington
4046,Tomer Hemed
4045,Corona
4038,Joaquï¿½n Larrivey
4039,ï¿½lex Lï¿½pez
4135,Javi Lara
4134,Dejan Lekic
4061,Diego Colotto
4066,Abel Gï¿½mez
4070,Borja
4145,Diogo Salomï¿½o
4184,Hï¿½lder Postiga
4164,Mohamed Sissoko
4156,Rafael Martins
4125,Andreas Ivanschitz
4101,Giovani dos Santos
4143,Samu
4142,ï¿½lvaro
4113,Cristian Herrera
4170,Antonio Marï¿½n
2617,David Cobeï¿½o
4118,Javier Aquino
4127,ï¿½lex Pozuelo
4088,ï¿½lvaro Arroyo
4112,Coro
4056,Eï¿½aut Zubikarai
4062,Mikel Saizar
4064,Fausto Rossi
4196,Fran Serrano
4065,Hï¿½ldon
4087,ï¿½lex Felip
4090,Felipe Mattioni
4051,Ramï¿½n Azeez
4186,Pol
2105,Jordi Masip
2590,Haris Medunjanin
4155,Riki
4103,Daniel Candeias
4105,Raï¿½l Jimï¿½nez
4128,Sergio Marcos
4048,Fernando Soriano
4126,Mohammed Fatau
4197,Sergio Garcï¿½a
2517,Martin Odegaard
4095,Jordi Codina
4140,Jaime
4121,Cristian ï¿½lvarez
4154,Abdoulaye Ba
4067,Bruno Zuculini
4041,Juliï¿½n
4117,Josï¿½ ï¿½ngel
4109,Edu Albï¿½car
4167,Manï¿½
1976,Emanuel Insï¿½a
4092,Aurtenetxe
4141,Rafael Gï¿½lvez
4205,Mario Arquï¿½s
4194,Fran Sol
4158,Abraham
4083,Jona
4082,Dani Romera
4063,Eduard Campabadal
4044,Fran Vï¿½lez
4104,Adriï¿½n Colunga
4151,Daniel Pinillos
4124,Issam El Adoua
4085,Sammir
4076,Jason
4138,Dani Nieto
4089,Jairo Morillas
2543,Borja Iglesias
4099,Cezary Wilk
4183,Vitorino Antunes
4191,Ezequiel Rescaldani
4188,Quique Gonzï¿½lez
4150,Juan Valera
4176,Xisco
4190,Daniel Larsson
4181,Alfredo Ortuï¿½o
4192,Luque
4189,Teerasil Dangda
4178,Abdoul Sissoko
4180,Hï¿½ctor Yuste
4177,ï¿½lex Fernï¿½ndez
4144,Franco Fragapane
4153,Lï¿½pez Silva
4208,Mï¿½chel
4073,Filipe Augusto
2427,Claverï¿½a
4219,Juan Carlos
4213,Iker Hernï¿½ndez
4080,Iago Bouzï¿½n
4173,Lï¿½pez Garai
4218,Jaime Gavilï¿½n
4209,Carlos Caballero
4216,Carlos Selfa
4207,Hï¿½ctor Rodas
4217,Sulayman Marreh
4206,Jonathan Pereira
4211,Vï¿½ctor Pï¿½rez
4215,Josï¿½ Carlos
4227,Gaspar
4223,Mike Havenaar
4221,Raï¿½l Rodrï¿½guez
2567,Luismi
2619,Stole Dimitrievski
4232,Hï¿½ctor
4731,Anthony Mfa Mezui
4732,Romain Mï¿½tanire
4733,Josï¿½ Luis Palomino
4779,Jï¿½rï¿½my Choplin
4735,Ahmed Kashi
4736,Ferjani Sassi
4737,Florent Malouda
4738,Yeni N&#039;Gbakoto
4781,Janis Ikaunieks
4780,Fakhreddine Ben Youssef
4747,Andrï¿½-Pierre Gignac
3802,Baptiste Aloe
4719,Cï¿½dric Cambon
4210,Dany Nounkeu
4813,Olivier Sorlin
4713,Yeltsin Tejeda
4716,Clarck N&#039;Sikulu
4787,Mathieu Duhamel
4712,Djakaridja Konï¿½
4721,Alioune Fall
4715,Nicolï¿½s Blandi
4750,Pedrinho
4701,Julien Faubert
4725,Mads Albï¿½k
4694,Lucas Barrios
4722,Siaka Tiï¿½nï¿½
4723,Drissa Diakitï¿½
4724,Romaric
4728,Landry N&#039;Guï¿½mo
4756,Grï¿½goire Puel
4753,Carlos Eduardo
4758,Alexy Bosetti
4706,Bangaly-Fodï¿½ Koita
4699,Simon Kjaer
4761,David Rozehnal
4763,Rudy Riou
4824,Taylor Moore
4765,Loï¿½ck Landre
4766,Ahmed Kantari
4767,Benjamin Boulenger
4769,Pierrick Valdivia
4771,Pablo Chavarria
4770,Yoann Touzghar
4772,Adamo Coulibaly
4776,Aristote Madiani
4777,Abdoul Ba
4778,Alharbi El Jadeyaoui
4809,Dragos Grigore
4785,Kassim Abdallah
4717,Modou Sougou
4818,Marc Planus
4702,Kian Hansen
4704,Ismael Bangoura
4774,Valentin Belon
4752,Lloyd Palun
4727,Dimitar Berbatov
4775,Quentin Lecoeuche
4825,Boubacar Sylla
4795,Djibril Cissï¿½
4711,Jesper Juelsgaard
4714,Milos Ninkovic
3284,Gueida Fofana
4745,Guirane N&#039;Daw
4820,Juan Manuel Falcï¿½n
4749,Anders Konradsen
4792,Jean Calvï¿½
4798,Aldo Angoula
4802,David Ramï¿½rez
4826,Jordan Boy
4823,Samuel Atrous
4790,Lalaï¿½na Nomenjanahary
4759,Zoumana Camara
4821,Fabien Audard
4783,Ladislas Douniama
4726,Matheus Carvalho
4739,Federico Andrada
4718,Nicki Bille Nielsen
4786,Cï¿½dric Barbosa
1063,Tiago Ilori
4703,Adama Niane
4705,Felipe Saad
4729,Abel Aguilar
4700,Kevin Koubemba
4828,Mathias Autret
4755,Joris Delle
4816,Souleymane Diawara
4730,Zacharie Boucher
4773,Benjamin Bourigeaud
4743,Sylvain Marchal
4806,Sergei Krivets
4784,Ronnie Schwartz
4799,Abdoulaye Diaby
4757,Julien Vercauteren
4807,Fadil Sido
3807,Bill Poni Tuiloma
4853,Kwame Nsor
3784,Maxime Spano
4754,Bryan Constant
4762,Christopher Glombard
4848,Michael Frey
4751,Christian Brï¿½ls
4794,Yoann Wachter
4846,Gaï¿½tan Courtet
4841,Younes Kaabouni
4867,David Djigla
3708,Sessi D&#039;Almeida
4860,Sami Larabi
4797,Famoussa Kone
4819,Josï¿½ Saez
4801,Rachid Alioui
4849,Sada Thioub
4830,Bilal Boutobba
4832,Billel Omrani
4834,Malick Seck
4844,Mathieu Coutadeur
4855,Bryan Pelï¿½
4836,Itay Shechter
4851,Dario Cvitanich
4838,Jean-Jacques Pierre
4842,Azbe Jug
4856,Fabien Robert
4870,Joao Rodrï¿½guez
3801,Gael Andonian
4812,Vï¿½ctor Hugo Montaï¿½o
4845,Deme N&#039;Diaye
4864,Bocundji Ca
4789,El-Hadji Ba
4850,Juan Pablo Pino
4871,Benjamin Mokulu Tembe
3551,Aristote Ndongala
4791,Patrick Fradj
4866,Aboubakar Kamara
4881,Mayoro N&#039;Doye
4880,Gaï¿½l Givet
4840,Karim Achahbar
4875,Sacha Bastien
3736,Cyriak Garel
4892,Lucas Mendes
4839,Romain Rocchi
4887,Moussa Gueye
4788,Dylan Gissi
4890,Hadi Sacko
4891,Jean Makoun
4889,Vincent Aboubakar
4883,Bruno Ecuele Manga
4884,Eliran Atar
